-- MySQL dump 10.13  Distrib 5.5.22, for Win64 (x86)
--
-- Host: localhost    Database: library
-- ------------------------------------------------------
-- Server version	5.5.22

/*!40101 SET @OLD_CHARACTER_SET_CLIENT=@@CHARACTER_SET_CLIENT */;
/*!40101 SET @OLD_CHARACTER_SET_RESULTS=@@CHARACTER_SET_RESULTS */;
/*!40101 SET @OLD_COLLATION_CONNECTION=@@COLLATION_CONNECTION */;
/*!40101 SET NAMES utf8 */;
/*!40103 SET @OLD_TIME_ZONE=@@TIME_ZONE */;
/*!40103 SET TIME_ZONE='+00:00' */;
/*!40014 SET @OLD_UNIQUE_CHECKS=@@UNIQUE_CHECKS, UNIQUE_CHECKS=0 */;
/*!40014 SET @OLD_FOREIGN_KEY_CHECKS=@@FOREIGN_KEY_CHECKS, FOREIGN_KEY_CHECKS=0 */;
/*!40101 SET @OLD_SQL_MODE=@@SQL_MODE, SQL_MODE='NO_AUTO_VALUE_ON_ZERO' */;
/*!40111 SET @OLD_SQL_NOTES=@@SQL_NOTES, SQL_NOTES=0 */;

--
-- Table structure for table `booklist`
--

DROP DATABASE IF EXISTS `library`;
CREATE DATABASE `library`;
use library;


DROP TABLE IF EXISTS `booklist`;
/*!40101 SET @saved_cs_client     = @@character_set_client */;
/*!40101 SET character_set_client = utf8 */;
CREATE TABLE `booklist` (
  `Book_id` int(11) NOT NULL AUTO_INCREMENT,
  `Name` varchar(100) DEFAULT NULL,
  `Author` varchar(50) DEFAULT NULL,
  `Publisher` varchar(50) DEFAULT NULL,
  `Isbn` varchar(20) DEFAULT NULL,
  `booktype` varchar(20) DEFAULT NULL,
  PRIMARY KEY (`Book_id`)
) ENGINE=InnoDB AUTO_INCREMENT=1076 DEFAULT CHARSET=utf8;
/*!40101 SET character_set_client = @saved_cs_client */;

--
-- Dumping data for table `booklist`
--

LOCK TABLES `booklist` WRITE;
/*!40000 ALTER TABLE `booklist` DISABLE KEYS */;
INSERT INTO `booklist` VALUES (208,'26集动画系列丛书:守护精灵(1-6)','-','接力','7-80679-915-X','综合性图书'),(209,'阿巴拉岛','巴克(美)','接力','7-80679-725-4','哲学'),(210,'爱又何必矜持','刘墉','接力','7-80631-823-2','政法'),(211,'彩色袖珍百科全书','约翰.法恩登(英)','接力','7-80631-531-4','经济'),(212,'彩图袖珍自然百科','伯尼(英)','接力','7-80631-532-2','工业技术'),(213,'谍之战','马中毅','接力','7-80679-649-5','生物科学'),(214,'恶作剧之吻','徐玉桦','接力','7-80732-250-0','工业技术'),(215,'韩国超人气网络小说:只爱你一天(1)','大肚妈妈(韩)','接力','7-80679-884-6','自然科学总论'),(216,'韩国超人气网络小说:只爱你一天(3)','大肚妈妈(韩)','接力','7-80679-886-2','自然科学总论'),(217,'黑夜巫师系列:墨尔多克的诅咒','莫洛伊(英)','接力','7-80679-543-X','交通运输'),(218,'花彩少女的事儿','秦文君','接力','7-80679-579-0','社会科学总论'),(219,'江国香织清新系列小说:神之船','江国香织(日)','接力','7-80679-429-8','历史'),(220,'江国香织清新系列小说:与幸福的约定','江国香织(日)','接力','7-80679-430-1','艺术'),(221,'快乐文学书系:十五岁之夏','秦文君','接力','7-80631-971-9','历史'),(222,'咧咧笨传奇','吴玉中','接力','7-80679-439-5','天文学'),(223,'刘墉作品:创造超越的人生','刘墉(美)','接力','7-80679-008-X','历史'),(224,'麦兜麦唛系列.第一辑:麦兜.尿水遥遥','谢立文','接力','7-80679-071-3','交通运输'),(225,'麦兜麦唛系列.第一辑:麦唛.完美故事','谢立文','接力','7-80679-073-X','政法'),(226,'麦唛系列.第二辑:快乐的猪','谢立文','接力','7-80679-451-4','哲学'),(227,'麦唛系列.第二辑:天空飞猪','谢立文','接力','7-80679-452-2','文学'),(228,'萌芽书系:我的秀秀姐','马中才','接力','7-80679-941-9','军事'),(229,'魔山','史航等','接力','7-80732-124-5','艺术'),(230,'男孩别哭','蓝狐','接力','7-80679-847-1','艺术'),(231,'青春网络小说.单挑系列:恋恋薰衣草','周桥','接力','7-80679-712-2','综合性图书'),(232,'声色系情缘','郑梓灵','接力','7-80679-572-3','军事'),(233,'天子传奇四.大唐威龙传(1-4)','黄玉郎','接力','7-80679-638-X','哲学'),(234,'头文字D(10)','重野秀一(日)','接力','7-80679-909-5','经济'),(235,'头文字D(12)','重野秀一(日)','接力','7-80732-167-9','文学'),(236,'头文字D(14)','重野秀一(日)','接力','7-80732-169-5','哲学'),(237,'头文字D(16)','重野秀一(日)','接力','7-80732-171-7','哲学'),(238,'头文字D(18)','重野秀一(日)','接力','7-80732-173-3','政法'),(239,'头文字D(2)','重野秀一(日)','接力','7-80679-836-6','哲学'),(240,'头文字D(21)','重野秀一(日)','接力','7-80732-237-3','社会科学总论'),(241,'头文字D(23)','重野秀一(日)','接力','7-80732-239-X','社会科学总论'),(242,'头文字D(25)','重野秀一(日)','接力','7-80732-241-1','经济'),(243,'头文字D(27)','重野秀一(日)','接力','7-80732-253-5','综合性图书'),(244,'头文字D(29)','重野秀一(日)','接力','7-80732-255-1','社会科学总论'),(245,'头文字D(30)','重野秀一(日)','接力','7-80732-256-X','自然科学总论'),(246,'头文字D(32)','重野秀一(日)','接力','7-80732-536-4','艺术'),(247,'头文字D(5)','重野秀一(日)','接力','7-80679-839-0','交通运输'),(248,'头文字D(7)','重野秀一(日)','接力','7-80679-906-0','艺术'),(249,'头文字D(9)','重野秀一(日)','接力','7-80679-908-7','工业技术'),(250,'我的爱俘获了英国王子(2)','李光莲(韩)','接力','7-80679-888-9','文学'),(251,'我在梦里见过你(1)--韩国超人气网络小说作家最新力作','银戒指(韩)','接力','7-80679-953-2','艺术'),(252,'卧底','九把刀','接力','7-80732-141-5','工业技术'),(253,'西格莉德和隐秘的世界:癞蛤蟆的未婚妻','布鲁梭罗(法)','接力','7-80679-506-5','生物科学'),(254,'西格莉德和隐秘的世界:章鱼的眼睛','布鲁梭罗(法)','接力','7-80679-505-7','军事'),(255,'勇气之书','凯西','接力','7-80732-126-1','经济'),(256,'做人与做事','卢勤','接力','7-80631-635-3','哲学'),(257,'雷霆出击--本书以湛江特大走私案为原型','李中群','吉林人民','7-206-03946-4','艺术'),(258,'大学生天下定位:十大策划总监之一--定位策划最新版','孙德山','吉林人民','7-206-04370-4','航空航天'),(259,'学术思想评论.第十一辑:颠踬的行走--二十世纪中国的知识与知识分子','贺照田','吉林人民','7-206-04435-2','经济'),(260,'中国古代常用文体规范读本:词','田子馥 黎娜','吉林人民','7-206-04193-0','航空航天'),(261,'中国古代常用文体规范读本:曲','吕树坤','吉林人民','7-206-04030-6','军事'),(262,'中国古代常用文体规范读本:诗','盛广智','吉林人民','7-206-04187-6','历史'),(263,'中国古代常用文体规范读本:语录','陈忠','吉林人民','7-206-04274-0','哲学'),(264,'程海文集(全四册)','程海','陕西人民','7-224-06297-9','经济'),(265,'寸心集','任贤良','陕西人民','7-224-07396-2','综合性图书'),(266,'大道哲学全书:价值实现论--关于人的文化主体性及其价值实现的研究','司马云杰','陕西人民','7-224-06388-6','天文学'),(267,'大道哲学全书:盛衰论--关于中国历史哲学及其盛衰之理的研究','司马云杰','陕西人民','7-224-06374-6','艺术'),(268,'大道哲学全书:文化价值论--关于文化建构价值意识的学说','司马云杰','陕西人民','7-224-06384-3','哲学'),(269,'清韵书系:私人味觉','李树波','陕西人民','7-224-06491-2','文学'),(270,'散文随笔集:经历好莱坞','晓雷','陕西人民','7-224-07029-7','经济'),(271,'世界名著译丛:安娜.卡列宁娜(上下)','列夫.托尔斯泰(俄)','陕西人民','7-224-04434-2','经济'),(272,'世界名著译丛:包法利夫人','居.福楼拜(法)','陕西人民','7-224-04586-1','历史'),(273,'唐宋八大家散文精品丛书:苏洵散文精品选','周振甫','陕西人民','7-224-03886-5','航空航天'),(274,'唐宋八大家散文精品丛书:曾巩散文精品选','吴功正等','陕西人民','7-224-03889-X','自然科学总论'),(275,'中国传统文化精品丛书:千家诗','-','陕西人民','7-224-03479-7','生物科学'),(276,'中国风俗文化集萃:中国传统风俗与现代化','葛承雍','陕西人民','7-224-00985-7','政法'),(277,'中国风俗文化集萃:中国风俗文化导论','韩养民','陕西人民','7-224-06337-1','工业技术'),(278,'中国风俗文化集萃:中国古代赌博习俗','罗新本','陕西人民','7-224-02544-5','航空航天'),(279,'中国风俗文化集萃:中国古代寺院生活','王景琳','陕西人民','7-224-01326-9','工业技术'),(280,'中国风俗文化集萃:中国古代饮食','王明德','陕西人民','7-224-00147-3','艺术'),(281,'中国古代诗歌精华大系:元诗精华二百首','邓绍基 史铁良','陕西人民','7-224-04623-X','航空航天'),(282,'读行天下:启动越野.中国越野圣经--4条知名越野入门路线 16条顶级暴走路线','-','陕西师范大学','7-5613-3009-X','天文学'),(283,'读行天下:中国古镇游--全国220个经典古镇.自助旅游完全手册.2005升级版','-','陕西师范大学','7-5613-3178-9','天文学'),(284,'读行天下:中国古镇游--自助旅游地图完全手册.2003升级版','-','陕西师范大学','7-5613-2558-4','经济'),(285,'读行天下:中国徒步穿越华东.华中.华南卷--背包族徒步探险攻略地图完全手册.2005修订升级版','-','陕西师范大学','7-5613-2945-8','文学'),(286,'读行天下:中国姓氏寻根游--中国一百个姓氏寻祖归宗之旅.自助旅游地图完全手册.2004升级版','-','陕西师范大学','7-5613-2836-2','生物科学'),(287,'读行天下:中国自助游.全国1528处经典景点149个旅游城市和景区.自助旅游地图完全手册.2004升级版','-','陕西师范大学','7-5613-2834-6','航空航天'),(288,'风格与时代','金兹堡(俄)','陕西师范大学','7-5613-2947-4','军事'),(289,'林语堂散文精品文库:感悟人生','林语堂','陕西师范大学','7-5613-2820-6','经济'),(290,'牛津科学巨匠传记丛书(全十二册)','-','陕西师范大学','7-5613-2680-7','社会科学总论'),(291,'世纪阅读文库(3):中外推荐书目一百种','邓咏秋等','陕西师范大学','7-5613-2295-X','综合性图书'),(292,'五星上将丛书.武器与战场系列.海洋战争:企业号1942','-','陕西师范大学','7-5613-3108-8','自然科学总论'),(293,'五星上将丛书.武装系列.陆地力量:M16自动步枪','-','陕西师范大学','7-5613-3106-1','哲学'),(294,'五星上将丛书.战役系列.空中力量:1982.贝卡谷地空战','-','陕西师范大学','7-5613-3107-X','经济'),(295,'学术名著文库:历史主义与历史理论','黄进兴','陕西师范大学','7-5613-2456-1','军事'),(296,'中国原生部族丛书:火焰山--古老文明的最后守望','杨丽琴 黄石','陕西师范大学','7-5613-2787-0','文学'),(297,'中国原生部族丛书:塔什库尔干--高天下的太阳部落','黄石','陕西师范大学','7-5613-2787-0','文学'),(298,'作家地理丛书:陈庄的火与土','陈继明','陕西师范大学','7-5613-2440-5','生物科学'),(299,'作家地理丛书:街与道的宗教','孙惠芬','陕西师范大学','7-5613-2438-3','生物科学'),(300,'蔬菜精作:食用菌精作','','安徽科学技术','7-5337-1659-0','哲学'),(301,'黑白装饰艺术','','安徽美术','7-5398-0035-6','哲学'),(302,'萧云从画谱','','安徽美术','7-5398-0381-9','艺术'),(303,'中国当代画家范本选辑:李方明素描画集','李方明','安徽美术','7-5398-0432-7','哲学'),(304,'王家卫的映画世界','潘国灵','百花文艺','7-5306-4158-1','经济'),(305,'新编英语高考模拟试卷及强化训练','本出版社','百家','7-80576-953-2','自然科学总论'),(306,'中小学语言读写能力训练丛书:新编初中文言课文同步精读精练','','百家','7-80576-945-1','综合性图书'),(307,'聚焦新生代:第一次未成年人现状调查报告','','北方交通大学','7-81082-023-0','历史'),(308,'信息技术与电子政务系列丛书:信息技术与电子政务--信息时代的电子政府(简明版)','','北方交通大学','7-81082-096-6','社会科学总论'),(309,'众里寻她千百度:如何科学地填报高考志愿','汪永红主编','北方交通大学','7-81082-040-0','经济'),(310,'修正幻想系列丛书:邪樱2.无定乡','凝翠崖','北方文艺','7-5317-1891-X','天文学'),(311,'21世纪中学实用古汉语词典','于喜君','北京教育','7-5303-2496-9','艺术'),(312,'高考备考丛书:高考理科等值模拟试题','','北京教育','7-5303-1969-8','艺术'),(313,'基础知识手册丛书:初中数学基础知识手册--全国三十八所重点中学教师编写','《中小学基础知识手册丛书》编写组编','北京教育','7-5303-2966-9','航空航天'),(314,'基础知识手册丛书:初中英语基础知识手册--全国三十八所重点中学教师编写','《中小学基础知识手册丛书》编写组编','北京教育','7-5303-2963-4','交通运输'),(315,'基础知识手册丛书:高中化学基础知识手册--全国三十八所重点中学教师编写','《中小学基础知识手册丛书》编写组编','北京教育','7-5303-2960-X','综合性图书'),(316,'基础知识手册丛书:高中数学基础知识手册--全国三十八所重点中学教师编写','《中小学基础知识手册丛书》编写组编','北京教育','7-5303-2950-2','经济'),(317,'基础知识手册丛书:高中政治基础知识手册--全国三十八所重点中学教师编写','《中小学基础知识手册丛书》编写组编','北京教育','7-5303-2953-7','哲学'),(318,'中学生上网--E国寻宝(无盘)','杨正华','北京科海电子','7-900107-47-9','航空航天'),(319,'冒险特级体验丛书:恐怖海洋逃生记(上下)','崔德熙(韩)','北京十月文艺','7-5301-1373-9','艺术'),(320,'中小学信息技术词典','','北京邮电大学','7-5635-0447-8','航空航天'),(321,'1995年中国短篇小说精选','','长江文艺','7-5354-1442-7','社会科学总论'),(322,'1997年中国中篇小说精选(上下)','','长江文艺','7-5354-1701-9','航空航天'),(323,'1998年中国短篇小说精选','','长江文艺','7-5354-1914-3','军事'),(324,'1998中国中篇小说精选(上下)','','长江文艺','7-5354-1960-7','工业技术'),(325,'爱不说痛','晓龄著','长江文艺','7-5354-2168-7','文学'),(326,'白桦林.校园长篇小说系列:北京女生','许毕基','长江文艺','7-5354-2345-0','政法'),(327,'白桦林.校园长篇小说系列:高中的疼痛','','长江文艺','7-5354-2345-0','艺术'),(328,'儿童与未来--儿童电视论文集','','长江文艺','7-5354-2016-8','政法'),(329,'钢琴集体课教材.中外乐曲分册','','长江文艺','7-5354-2263-2','哲学'),(330,'海男文集.第三卷:坦言','海南著','长江文艺','7-5354-2229-2','军事'),(331,'红白蓝书系:愿赌服输','庄羽','长江文艺','7-5354-2413-9','军事'),(332,'胡榴明散文随笔集:红裳','胡榴明','长江文艺','7-5354-1993-3','工业技术'),(333,'花生文库.周星星漫画馆:大话西游漫画--月光宝盒(上下)','','长江文艺','7-5354-2318-3','工业技术'),(334,'寂寞花.破碎情侣感悟集:玻璃城堡','九宏','长江文艺','7-5354-1913-5','哲学'),(335,'假日山庄','映泉著','长江文艺','7-5354-2260-8','哲学'),(336,'金蔷薇.外国名人成功揭秘丛书:波德莱尔是怎样读书写作的','','长江文艺','7-5354-1647-0','军事'),(337,'金屋','李佩甫','长江文艺','7-5354-1986-0','自然科学总论'),(338,'金漩涡丛书:金漩涡','张华林','长江文艺','7-5354-1752-3','艺术'),(339,'精美散文:青春.温情卷','','长江文艺','7-5354-1574-1','航空航天'),(340,'绝对陷阱:烂尾楼背后的故事','晓剑','长江文艺','7-5354-2291-8','工业技术'),(341,'跨世纪文丛(6):流水年华','何顿','长江文艺','7-5354-1902-X','军事'),(342,'跨世纪文丛:(第二辑)夜晚的顺序','吕新','长江文艺','7-5354-1037-5','哲学'),(343,'跨世纪文丛:(第六辑)青藏手记','陈世旭','长江文艺','7-5354-1863-5','历史'),(344,'跨世纪文丛:(第三辑)来点葱儿来点蒜来点儿芝麻盐','张洁','长江文艺','7-5354-1209-2','军事'),(345,'跨世纪文丛:(第四辑)高榻','周涛','长江文艺','7-5354-1287-4','交通运输'),(346,'跨世纪文丛:(第四辑)黄泥街','残雪','长江文艺','7-5354-1284-X','政法'),(347,'跨世纪文丛:(第四辑)岁月无敌','张欣','长江文艺','7-5354-1282-3','生物科学'),(348,'跨世纪文丛:(第五辑)告别花都','赵琪','长江文艺','7-5354-1444-3','综合性图书'),(349,'跨世纪文丛:(第一辑)官人','刘震云','长江文艺','7-5354-0736-6','生物科学'),(350,'李尔重文集:落红集','李尔重','长江文艺','7-5354-1614-4','文学'),(351,'李尔重文集:有念集','李尔重','长江文艺','7-5354-1615-2','航空航天'),(352,'两性港湾丛书:夏娃二号','黄楚晗','长江文艺','7-5354-2178-4','艺术'),(353,'两性港湾丛书:亚当一号','九宏','长江文艺','7-5354-2178-4','生物科学'),(354,'铃儿响叮当--一部反武侠的新新武侠小说','戴漓力著','长江文艺','7-5354-2314-0','自然科学总论'),(355,'美腿女人','海男','长江文艺','7-5354-2143-1','社会科学总论'),(356,'潘军文集(4):重瞳','','长江文艺','7-5354-2354-X','文学'),(357,'亲密飞翔','成刚','长江文艺','7-5354-2362-0','军事'),(358,'青春美少女组合:青青子衿','叶细细著','长江文艺','7-5354-2045-1','生物科学'),(359,'青年涉世丛书:知识就是力量','虹雨','长江文艺','7-5354-2387-6','艺术'),(360,'情侣双传:乔治.桑传','','长江文艺','7-5354-1392-7','艺术'),(361,'情侣双传:约瑟芬传','南平','长江文艺','7-5354-1393-5','自然科学总论'),(362,'日之完','张正隆','长江文艺','7-5354-2368-X','艺术'),(363,'三峡前奏典:荆江分洪大特写','','长江文艺','7-5354-1727-2','军事'),(364,'世界文学名著丛书:悲惨世界(上下)','','长江文艺','7-5354-2471-6','经济'),(365,'世界文学名著丛书:嘉尔曼','法.','长江文艺','7-5354-1263-7','历史'),(366,'世界文学名著丛书:恋爱中的女人','英.','长江文艺','7-5354-2364-7','政法'),(367,'世界文学名著丛书:三个火枪手','(法)大仲','长江文艺','7-5354-2495-3','工业技术'),(368,'世界文学名著丛书:王子与贫儿','美.','长江文艺','7-5354-1261-0','哲学'),(369,'世界著名球星传记丛书:国王-坎通纳','洪讯','长江文艺','7-5354-1563-6','社会科学总论'),(370,'世界著名球星传记丛书:淘气包-加斯科因','余国华','长江文艺','7-5354-1565-2','天文学'),(371,'素质教育丛书:雷锋--平凡的英雄','','长江文艺','7-5354-2371-X','军事'),(372,'岁月通道丛书.第三辑:拥抱快乐','何子英','长江文艺','7-5354-2411-2','交通运输'),(373,'万国精神比较丛书:德国精神','邢来顺','长江文艺','7-5354-1641-1','历史'),(374,'网姐日记','水果著','长江文艺','7-5354-2284-5','政法'),(375,'未来丛书:苦渡','许华忠','长江文艺','7-5354-2383-3','工业技术'),(376,'现代文学名家作品精选丛书:周作人作品精选','鲍风','长江文艺','7-5354-2648-4','生物科学'),(377,'新加坡情人','九丹','长江文艺','7-5354-2296-9','哲学'),(378,'新鲜人','毛毛雨','长江文艺','7-5354-2275-6','经济'),(379,'休闲手工制作','','长江文艺','7-5354-1764-7','天文学'),(380,'英格堡的冬天--九丹情人写九丹','阿伯','长江文艺','7-5354-2297-7','哲学'),(381,'与你有染','村人','长江文艺','7-5354-2358-2','政法'),(382,'赵瑜批判','李力研','长江文艺','7-5354-1855-4','军事'),(383,'知音精品文丛.紫蔷薇系列:明星之恋','胡勋璧','长江文艺','7-5354-2286-1','哲学'),(384,'纸厦','野莽著','长江文艺','7-5354-2344-2','社会科学总论'),(385,'中国当代才子书:忆明珠卷','','长江文艺','7-5354-1457-5','工业技术'),(386,'中国少数民族爱国主义传统丛书:沧海桑田--少数民族对祖国各地的开发','赵庆伟','长江文艺','7-5354-1408-7','自然科学总论'),(387,'中国新诗库(第五集)','周良沛','长江文艺','7-5354-1066-9','自然科学总论'),(388,'中国新时期优秀报告文学大系:恸问苍冥','李炳银','长江文艺','7-5354-1721-3','自然科学总论'),(389,'中国著名作家自荐爱情小说丛书:外国感情','','长江文艺','7-5354-1345-5','交通运输'),(390,'周梅森文集:原狱','周梅森','长江文艺','7-5354-1602-0','工业技术'),(391,'走进夏天','蒋杏','长江文艺','7-5354-1879-1','文学'),(392,'最新流行小笑话:社会碰碰车','张良武','长江文艺','7-5354-2292-6','社会科学总论'),(393,'眼泪天使系列.激情读本:偷心大盗的偷心魔咒','罗洁','朝华','7-5054-1094-6','文学'),(394,'化险为夷--如何应对突发事件','郭丹','成都时代','7-80548-800-2','历史'),(395,'两性话题丛书:柳橙女孩','张璞','成都时代','7-80548-797-9','文学'),(396,'中国文学大师速读','聂作平','成都时代','7-80705-008-X','自然科学总论'),(397,'小蛇吞大象--心态决定命运 做事决定成败','王宇','当代世界','7-5090-0093-9','工业技术'),(398,'陈云经济思想发展史','李成瑞等','当代中国','7-80170-383-9','历史'),(399,'地中海--世界文化的漩涡','史继忠','当代中国','7-80170-282-4','哲学'),(400,'健康面对面--抗老与防衰','孙增勤等','当代中国','7-80170-318-9','政法'),(401,'蓝金--向窃取世界水资源的公司宣战','[加]马洛','当代中国','7-80170-288-3','生物科学'),(402,'让弱者哭出声','上官云开','当代中国','7-80170-223-9','自然科学总论'),(403,'同道新文:博弈危机--创维16年实战案便剖析','徐明天','当代中国','7-80170-380-4','社会科学总论'),(404,'同道新文:德隆内幕--挑战金融与实业的均衡极限','李德林','当代中国','7-80170-332-4','天文学'),(405,'突破增长极限--沃尔玛.丰田等顶级企业如何驾驭商业复杂性','乔治(美)','当代中国','7-80170-432-0','社会科学总论'),(406,'远去的背影--政协人物记','汪东林','当代中国','7-80170-368-5','天文学'),(407,'跨世纪启蒙教育.幼儿.教师.家长学与教用书:中班(全四册)','','地震','7-5028-1664-X','历史'),(408,'世界地图','','地质','7-116-03302-5','社会科学总论'),(409,'哥伦布学术文库:人韵--一种对马克思的读解','黄克剑','东方','7-5060-0750-9','政法'),(410,'哥伦布学术文库:中国现代戏剧美学思想发展史','焦尚志','东方','7-5060-0671-5','军事'),(411,'博客语录SINA BLOG','-','东方出版中心','7-80186-496-4','文学'),(412,'云雨--性张力下的中国人','江晓原','东方出版中心','7-80186-435-2','历史'),(413,'浙江发生了什么--转轨时期的民主生活','章敬平','东方出版中心','7-80186-447-6','军事'),(414,'中国作文大厦丛书(第二辑):高中生作文名师指导--高中生演讲作文','','东方出版中心','7-80627-911-3','交通运输'),(415,'彩糊艺术','','福建美术','7-5393-0603-3','自然科学总论'),(416,'美术院校师生速写选','','福建美术','7-5393-0522-3','历史'),(417,'课本里的故事:初中化学','黄垂权','福建少年儿童','7-5395-2224-0','艺术'),(418,'课本里的故事:初中思想政治','孙丽','福建少年儿童','7-5395-2223-2','工业技术'),(419,'课本里的故事:初中英语','薛常明','福建少年儿童','7-5395-2221-6','哲学'),(420,'校园三剑客.校园X档案丛书:黑衣魅影','连武','福建少年儿童','7-5395-2457-X','历史'),(421,'校园三剑客.校园X档案丛书:魔鬼生化人','连武','福建少年儿童','7-5395-2454-5','天文学'),(422,'新世纪生存教育书系.中学版:共处与生存','李春秋','福建少年儿童','7-5395-1981-9','社会科学总论'),(423,'新新人类酷运动','孙红英','福建少年儿童','7-5395-2330-1','社会科学总论'),(424,'中国惊怵科幻小说:罗网迷踪','周末','福建少年儿童','7-5395-2272-0','文学'),(425,'中国惊怵科幻小说:死亡大奖','王晋康','福建少年儿童','7-5395-2271-2','交通运输'),(426,'中国科幻小说新作丛书:扑朔迷离','嵇鸿等','福建少年儿童','7-5395-2094-9','艺术'),(427,'中国科幻小说新作丛书:微波犬','宗介华','福建少年儿童','7-5395-2095-7','历史'),(428,'农业科技九五推广技术精选丛书:地膜小麦栽培技术及品种','李守谦','甘肃科学技术','7-5424-0658-2','综合性图书'),(429,'农业科技九五推广技术精选丛书:集水高效微灌技术','高世铭','甘肃科学技术','7-5424-0662-0','航空航天'),(430,'二十世纪的中国.教育事业卷','曾天山主编','甘肃人民','7-226-02162-5','交通运输'),(431,'二十世纪的中国.军事战争卷','','甘肃人民','7-226-02134-X','政法'),(432,'二十世纪的中国.文学艺术卷','','甘肃人民','7-226-02140-4','天文学'),(433,'大成文库.学习系列:2003年高考语文阅卷纵横','','高等教育','7-04-013451-9','生物科学'),(434,'中国书画自学丛书:花鸟画法','张断馨','古吴轩','7-80574-188-3','政法'),(435,'3A企管实用书系(4):产品创新实务','丘磐','广东经济','7-80677-184-0','自然科学总论'),(436,'ISO 14000标准理解与认证实务','陈其扬','广东经济','7-80677-345-2','艺术'),(437,'房地产合同范本与实例','','广东经济','7-80677-684-2','天文学'),(438,'零售企业管理制度与表格精选','王先庆','广东经济','7-80677-455-6','社会科学总论'),(439,'律师与法律工作者业务文书格式与范本','刘海奋','广东经济','7-80677-279-0','天文学'),(440,'罗斯泰克现场管理丛书:技术经理实战工作指南--从工程师到技术经理','张智勇','广东经济','7-80677-110-7','社会科学总论'),(441,'轻松学会计丛书(6):轻松做财务主管','艾强','广东经济','7-80677-441-6','自然科学总论'),(442,'轻松学会计丛书(9):轻松做会计核算','吴少平','广东经济','7-80677-700-8','军事'),(443,'税收筹划方法与案例','','广东经济','7-80677-443-2','政法'),(444,'现代零售丛书:零售采购技术','','广东经济','7-80677-752-0','天文学'),(445,'现代零售丛书:零售企业员工培训','','广东经济','7-80677-752-0','生物科学'),(446,'现代零售丛书:卖场设计与管理','','广东经济','7-80677-752-0','自然科学总论'),(447,'中小企业会计丛书:中小企业财务管理','吴少平','广东经济','7-80677-343-6','生物科学'),(448,'中小企业会计丛书:中小企业会计实务','吴少平','广东经济','7-80677-344-4','交通运输'),(449,'主管一日通(10):物流主管一日通--解决第一次当物流主管遇到的各种实际问题','徐昭国','广东经济','7-80677-580-3','政法'),(450,'主管一日通(7):广告公关主管一日通--解决第一次当广告公关主管遇到的各种实际问题','徐昭国','广东经济','7-80677-580-3','经济'),(451,'饭店管理知识丛书:美国现代酒店管理实务','','广东旅游','7-80521-774-2','工业技术'),(452,'饭店管理知识丛书:日本酒店客房管理实务','陈多友','广东旅游','7-80521-854-4','艺术'),(453,'江南知性之旅:美在太湖','艾煊','广东旅游','7-80653-141-6','综合性图书'),(454,'世界之旅热线丛书:俄罗斯之旅','','广东旅游','7-80653-322-2','哲学'),(455,'现代饭店管理知识丛书:美国现代小型旅馆经营与管理','李建英','广东旅游','7-80653-051-7','哲学'),(456,'中国热点旅游景地实用图册丛书:泰山旅游实用图册','','广东旅游','7-80653-285-4','历史'),(457,'中国之旅热线丛书:湖北之旅','','广东旅游','7-80653-174-2','艺术'),(458,'柴科夫斯基--四季作品37(钢琴)','','广东世界','7-5062-4044-0','哲学'),(459,'新版克莱门第钢琴练习曲二十九首--名手之道','叶子','广东世界','7-5062-2583-2','航空航天'),(460,'学生英汉活用词典','王拿但','广东世界','7-5062-2768-1','军事'),(461,'中国风格小提琴二重奏','杨宝智','广东世界','7-5062-4365-2','航空航天'),(462,'自由风格','崔健','广西科学技术','7-5633-3107-7','经济'),(463,'2004年版周澜应考通丛书:60天突破.经济法--中级会计师资格考试辅导教材','安仲文等','广西人民','7-219-04938-2','军事'),(464,'2004年版周澜应考通丛书:60天突破.中级会计实务(一)--中级会计师资格考试辅导教材','刘卫等','广西人民','7-219-04745-2','天文学'),(465,'爱情从天而降','娟子','广西人民','7-219-05255-3','自然科学总论'),(466,'大蕃茄传媒机构.时光旅行书系.快乐阅读丛书:在西街快乐中毒','大蕃茄','广西人民','7-219-05028-3','哲学'),(467,'大蕃茄传媒机构.时光旅行书系:艳遇丽江--中国第一本主题旅游','大蕃茄传媒','广西人民','7-219-05313-4','艺术'),(468,'寄往天堂的信','董秀菊','广西人民','7-219-05239-1','军事'),(469,'离婚女人日记','娟子','广西人民','7-219-05319-3','综合性图书'),(470,'棋士','陈峰','广西人民','7-219-05345-2','军事'),(471,'入警考试60天突破.2005年公安机关录用民警省级统考应试丛书:申论应试指导与练习','武昀','广西人民','7-219-05214-6','交通运输'),(472,'丧家犬也有乡愁','刘原','广西人民','7-219-05088-7','交通运输'),(473,'我的江湖我做主','旦霄鹏','广西人民','7-219-05452-1','艺术'),(474,'西游岁月:影.十字--起点中文网力推作品','李洪绸','广西人民','7-219-05576-5','自然科学总论'),(475,'燕赤霞','猛玛象','广西人民','7-219-05450-5','综合性图书'),(476,'印加帝国三部曲(I):太阳公主','安东尼(法)','广西人民','7-219-05441-6','文学'),(477,'印加帝国三部曲(III):马丘比丘之光','安东尼(法)','广西人民','7-219-05513-7','艺术'),(478,'在大理的星空下接吻(含盘)','东子','广西人民','7-219-04872-6','政法'),(479,'京城看望','乔福山等','广西师范大学','7-5633-5809-9','军事'),(480,'农民黄金屋丛书:西洋参栽培与管理图说','袁崇文编王培 一','贵州科技','7-80662-048-6','艺术'),(481,'阿以冲突--问题与出路','殷罡','国际文化','7-80173-023-2','工业技术'),(482,'俄罗斯绘画精品系列:俄罗斯静物画(精)','','国际文化','7-80105-527-6','哲学'),(483,'二十一世纪中国作家实力展:金甲虫','朱亚宁','国际文化','7-80173-393-2','天文学'),(484,'富豪话语','沈燕','国际文化','7-80173-257-X','历史'),(485,'简单英语一路通丛书:简单英语求职求学','','国际文化','7-80105-939-5','综合性图书'),(486,'简单英语一路通丛书:简单英语学口语','','国际文化','7-80105-940-9','天文学'),(487,'今日香港百业全书','','国际文化','7-80105-517-9','交通运输'),(488,'经典萨克斯管名曲集(上下)','尹志发','国际文化','7-80173-130-1','工业技术'),(489,'精神分析经典译丛:健全的社会','埃里希.弗罗姆(美)','国际文化','7-80105-831-3','工业技术'),(490,'精神分析经典译丛:论宗教','奥.','国际文化','7-80105-736-8','航空航天'),(491,'精神分析经典译丛:生命之爱','美.','国际文化','7-80105-832-1','文学'),(492,'美从口入:白皙美人水果餐--吃水果最享瘦','鲍玉琦','国际文化','7-80173-351-7','综合性图书'),(493,'美从口入:美容养生花料理--百道新鲜花卉料理帮你作好体内环保','唐芩','国际文化','7-80173-348-7','哲学'),(494,'美国呤游:万里旅程淘历史','陆小宝','国际文化','7-80173-288-X','航空航天'),(495,'尼罗河生命之河(上下)','德.埃米尔','国际文化','7-80173-149-2','哲学'),(496,'前沿视点系列丛书:超级竞争力','','国际文化','7-80173-080-1','航空航天'),(497,'前沿视点系列丛书:直面全球化','','国际文化','7-80105-932-8','历史'),(498,'丘吉尔(上下)','英.','国际文化','7-80105-893-3','航空航天'),(499,'生活智典丛书:建筑自己的幸福城堡','林敏玉','国际文化','7-80173-016-X','综合性图书'),(500,'送你一条励志腕带','','国际文化','7-80173-430-0','天文学'),(501,'唐宋八大家全集(全五册)','','国际文化','7-80105-478-4','经济'),(502,'听国际企业领袖讲课','','国际文化','7-80173-142-5','工业技术'),(503,'我和诗歌有个约会--中国学生英语诗歌选集','隋刚','国际文化','7-80173-042-9','政法'),(504,'新概念硬笔书法教程系列:新概念硬笔书法魏碑实用教程','王玉孝等主编','国际文化','7-80105-905-0','军事'),(505,'养猫经','蒋建栋','国际文化','7-80105-811-9','自然科学总论'),(506,'10倍速商业经典:60分钟企业经营战略--一本为中小企业量身定做的经营手册','神田昌典(日)','哈尔滨','7-80699-313-4','经济'),(507,'宝洁品牌攻略','克莱夫.巴德(美)','哈尔滨','7-80699-042-9','哲学'),(508,'车夫的MBA课--跨国公司总裁延请出租车司机讲的11堂课','憨氏','哈尔滨','7-80699-719-9','工业技术'),(509,'当男人背叛女人--婚外情真相大剖析','黛比.丹(美)','哈尔滨','7-80639-994-1','军事'),(510,'富足人生:富中之富--致马索的信','韦伯斯特(新西兰)','哈尔滨','7-80639-758-2','政法'),(511,'管理之星.中国经理人工作手册丛书:财务经理工作手册','-','哈尔滨','7-80699-596-X','天文学'),(512,'管理之星.中国经理人工作手册丛书:企划经理工作手册','吴振兴','哈尔滨','7-80699-582-X','政法'),(513,'管理之星.中国经理人工作手册丛书:行政经理工作手册','吴振兴','哈尔滨','7-80699-578-1','综合性图书'),(514,'海上花','林若欣','哈尔滨','7-80699-488-2','艺术'),(515,'酷女孩--酷心灵.酷身体.酷爱情','马乐','哈尔滨','7-80699-564-1','天文学'),(516,'马蜂窝--美国200余年建国史上第一部总统写的小说','卡特(美)','哈尔滨','7-80699-395-9','航空航天'),(517,'牛角尖上话足球--绿茵场上的人生感悟','曾凡政','哈尔滨','7-80699-485-8','历史'),(518,'强者更强--左右你获取财富与资源的马太效应','-','哈尔滨','7-80699-343-6','社会科学总论'),(519,'人际致富--掌握人脉.制造钱脉的经营法则','王琳(台湾)','哈尔滨','7-80639-871-6','交通运输'),(520,'三毛作品集(16):亲爱的三毛','三毛','哈尔滨','7-80639-929-1','军事'),(521,'社会人文系列:不战而胜--赢得敬畏和权利的学问','-','哈尔滨','7-80699-346-0','艺术'),(522,'谁是赢家--生活中的最佳合作策略与获利方法','-','哈尔滨','7-80699-359-2','生物科学'),(523,'为了忘却的纪念--中国最具风格早逝作家的真切追忆','林少波等','哈尔滨','7-80699-334-7','军事'),(524,'现代方案技巧与范例丛书:企业文书写作','刘吉晨','哈尔滨','7-80699-619-2','生物科学'),(525,'现代管理丛书:说到做到--提高公司执行力的管理方法.修订版','梅斯特(美)','哈尔滨','7-80699-057-7','工业技术'),(526,'现代企业人力资源管理实务丛书之一:七步打造完备的招聘管理体系--理念.方法.工具','武建学','哈尔滨','7-80699-699-0','天文学'),(527,'销售心经:成为金牌销售冠军的50项技能--长达10年销售生涯的真实感悟','刘睿','哈尔滨','7-80699-481-5','政法'),(528,'新概念写作范例大全:新编个人文书范例大全','-','哈尔滨','7-80699-569-2','哲学'),(529,'新概念写作范例大全:新编企业行政办公范例大全','-','哈尔滨','7-80699-567-6','哲学'),(530,'新健康时代:健康家庭好医生之图解心理疾病','吉川武彦(日)','哈尔滨','7-80639-860-0','工业技术'),(531,'新目标英语:走向名校--每天8分钟海淀英语卷(七年级上)','朱淑娟','哈尔滨','7-80699-117-4','艺术'),(532,'与孩子一起跨越高考--一位高考陪读母亲的忠告心语','刘强','哈尔滨','7-80699-631-1','生物科学'),(533,'中层经理手册--中层经理提高管理技能的权威指导','-','哈尔滨','7-80699-293-6','天文学'),(534,'中国造联想无限--柳传志之巅峰领导艺术','汪洋','哈尔滨','7-80699-419-X','文学'),(535,'做最成功的自己.成功学典藏本','寿长华','哈尔滨','7-80699-577-3','军事'),(536,'新英语备考书面表达(高中版)通向哈佛','王笃勤','海豚','7-80138-232-3','历史'),(537,'大河新命题作文大赛获奖作品选(高中卷)','大河报社编','海燕','7-5350-2184-0','艺术'),(538,'3D Studio Max R3.X宝藏探索.进阶篇(附光盘)','梦幻艺术工作室编著','海洋','7-5027-5179-3','经济'),(539,'DIY系列2000调制解调器应用大全','洪锦魁编著','海洋','7-5027-5119-X','航空航天'),(540,'幻城系列幻想小说:费路西传奇(上中下)','随轻风去','海洋','7-5027-6275-2','艺术'),(541,'幻城系列幻想小说:聚灵','圣者晨雷','海洋','7-5027-6274-4','生物科学'),(542,'幻城系列幻想小说:人鬼降','大侠','海洋','7-5027-6462-3','自然科学总论'),(543,'幻城系列幻想小说:邪恶英雄','默雨','海洋','7-5027-6027-X','社会科学总论'),(544,'幻城系列幻想小说:战神(上下)','秋凡','海洋','7-5027-6388-0','生物科学'),(545,'惊奇档案:古越迷踪','钧天','海洋','7-5027-6418-6','军事'),(546,'惊奇档案:梦回史前','傅雪峰','海洋','7-5027-6423-2','综合性图书'),(547,'惊奇档案:神山天机','凌晨','海洋','7-5027-6420-8','军事'),(548,'精通Delphi 5.0(附光盘)','李劲','海洋','7-5027-5120-3','工业技术'),(549,'龙空书系.奇幻系列:悍匪','真髓','海洋','7-5027-6461-5','交通运输'),(550,'梦幻王朝(上下)','秋风清','海洋','7-5027-6546-8','交通运输'),(551,'神之右手--冥界来客','中年阿飞','海洋','7-5027-6512-3','工业技术'),(552,'庭院花卉无土栽培','李德美编著','海洋','7-5027-4753-2','自然科学总论'),(553,'星之海洋(2):风云幻界','黄云飞','海洋','7-5027-6723-1','经济'),(554,'纵横七海系列科幻小说:碧波魅影','刘婕','海洋','7-5027-5850-X','天文学'),(555,'纵横七海系列科幻小说:幻岛激流','凌晨','海洋','7-5027-5721-X','历史'),(556,'世界著名航展集萃','','航空工业','7-80134-359-X','社会科学总论'),(557,'英汉土木建筑工程大词典(精)','','河海大学','7-5630-1417-9','政法'),(558,'从非凡到平凡人物丛书:走出白宫的人','张昱琨','黑龙江人民','7-207-04242-6','综合性图书'),(559,'当代世界前沿思想家丛书:诺齐克','乔纳森.沃尔夫(英)','黑龙江人民','7-207-04228-0','综合性图书'),(560,'家庭育儿百科.彩图版(全四册)(无盒)','王长安','黑龙江人民','7-207-05809-8','历史'),(561,'外国显赫皇室丛书:难圆旧梦的英国王室','张晓校','黑龙江人民','7-207-04204-3','艺术'),(562,'现代家庭丛书:21世纪家庭之情','赵正达等主编','黑龙江人民','7-207-04609-X','文学'),(563,'现代家庭丛书:21世纪家庭之雅','赵正达等主编','黑龙江人民','7-207-04608-1','生物科学'),(564,'新知文丛:青春情爱心理测试--痴男怨女吐真情','赵有业编著','黑龙江人民','7-207-04634-0','社会科学总论'),(565,'中华人民共和国法制史','','黑龙江人民','7-207-03511-X','综合性图书'),(566,'白鳍豚科幻小说系列:魔法精灵','谢鑫','湖北少年儿童','7-5353-2860-1','生物科学'),(567,'白鳍豚科幻小说系列:展翅逃亡','星河','湖北少年儿童','7-5353-2848-2','哲学'),(568,'白鳍豚少年知识大博览:少年太空知识大博览','','湖北少年儿童','7-5353-2583-1','自然科学总论'),(569,'成长讲述书系:女孩的财富','','湖北少年儿童','7-5353-2642-0','军事'),(570,'到飞碟的故乡去','蒋炳铨','湖北少年儿童','7-5353-2619-6','经济'),(571,'儿童文学新论丛书:文字和图画中的叙事者','','湖北少年儿童','7-5353-2628-5','文学'),(572,'鸽子树丛书:少年远望','','湖北少年儿童','7-5353-2638-2','艺术'),(573,'国家十五重点中国顶级保护动物大熊猫','','湖北少年儿童','7-5353-2799-0','航空航天'),(574,'节日喜庆丛书.20世纪中国经典相声集锦:节日相声','','湖北少年儿童','7-5353-2603-X','生物科学'),(575,'美丽的宝岛台湾','曾学文','湖北少年儿童','7-5353-2861-X','经济'),(576,'世界文学小经典:新月集.飞鸟集','','湖北少年儿童','7-5353-2652-8','交通运输'),(577,'我爱我家乡:道教仙境--武当山','凡夫','湖北少年儿童','7-5353-2647-1','天文学'),(578,'校园三剑客科幻小说系列.第二辑:闪电男孩','杨鹏著','湖北少年儿童','7-5353-2217-4','工业技术'),(579,'校园新阅读书坊.男生惊悚系列:幽灵在线','','湖北少年儿童','7-5353-2426-6','自然科学总论'),(580,'校园新阅读书坊.女生浪漫系列:再见蓝眼睛','','湖北少年儿童','7-5353-2422-3','社会科学总论'),(581,'新阅读书坊:智慧的星光--世界经典寓言导读','江歌','湖北少年儿童','7-5353-2844-X','经济'),(582,'学语汇互动丛书:谚语故事精选','胡铭心等','湖北少年儿童','7-5353-1339-6','艺术'),(583,'雅眉彩色书坊:米花影院里的芬芳','黄艾艾','湖北少年儿童','7-5353-2743-5','哲学'),(584,'雅眉彩色书坊:最后的风花雪月','黄艾艾','湖北少年儿童','7-5353-2742-7','交通运输'),(585,'中国戏曲文化故事:倩女离魂.彩图本(适合9-99岁的读者阅读和欣赏)','黄艾艾','湖北少年儿童','7-5353-2890-3','工业技术'),(586,'中国戏曲文化故事:张生煮海.彩图本(适合9-99岁的读者阅读和欣赏)','黄艾艾','湖北少年儿童','7-5353-2889-X','交通运输'),(587,'高考辞典系列:高考物理辞典','','华东理工大学','7-5628-0883-X','文学'),(588,'20世纪世界小说经典(全四册)','-','华夏','7-5080-0559-7','天文学'),(589,'巴人之谜','王影','华夏','7-5080-3526-7','自然科学总论'),(590,'波希米亚人:巴黎拉丁区文人生活场景','','华夏','7-5080-3173-3','工业技术'),(591,'浮生论学:李泽厚陈明2001年对谈录','李泽厚','华夏','7-5080-2603-9','交通运输'),(592,'惠普方略:比尔.休利特和我的创业之路','美.','华夏','7-5080-2550-4','航空航天'),(593,'解构民意:一个舆论学者的实证研究','喻国明','华夏','7-5080-2349-8','社会科学总论'),(594,'泡沫的秘密--早期金融狂热的基本原理','加伯(美)','华夏','7-5080-3177-6','综合性图书'),(595,'水晶钥匙恋','许小仁儿(韩)','华夏','7-5080-2307-2','历史'),(596,'图解现代健康丛书:轻松学耳穴','张峻斌','华夏','7-5080-2364-1','文学'),(597,'外国经典作家研究丛书:哈代','张玲','华夏','7-5080-2182-7','历史'),(598,'外国经典作家研究丛书:卢梭','吴岳','华夏','7-5080-2696-9','艺术'),(599,'外国经典作家研究丛书:托马斯.曼','宁瑛','华夏','7-5080-2697-7','天文学'),(600,'外国文学经典篇目:外国文学名著速览','叶廷芳','华夏','7-5080-2171-1','历史'),(601,'现代传播译丛:媒介公正:道德伦理问题真的不证自明吗','克里斯蒂安(美)','华夏','7-5080-2186-X','文学'),(602,'现代营销学之父菲利普.科特勒经典译丛:国家营销','美.','华夏','7-5080-2889-9','生物科学'),(603,'职场你我他--人生成功的易经智慧','顾文','华夏','7-5080-3667-0','交通运输'),(604,'中国古代诗文经典选本:词选.续词选','张惠言','华夏','7-5080-2542-3','社会科学总论'),(605,'最新高中语文文言文古诗详解','','华夏','7-5080-0176-1','工业技术'),(606,'21世纪书系:书里的城 城里的书','沈颢','华艺','7-80142-629-0','文学'),(607,'第2届华语文学传媒大奖获奖作者作品集:蛇宫','须一瓜','华艺','7-80142-609-6','艺术'),(608,'父亲:对生命的最后倾诉','张小木','华艺','7-80142-450-6','社会科学总论'),(609,'老板是可以说服的','柏丽','华艺','7-80142-627-4','文学'),(610,'方洲新概念:初中生话题作文分类精评大全--2004版话题作文研讨会成果大展','方洲','华语教学','7-80052-832-4','航空航天'),(611,'方洲新概念:高中生话题作文文体训练大全--2004话题作文最新成果大全','方洲','华语教学','7-80052-909-6','政法'),(612,'英汉联通双语阅读-高二记叙文','','吉林教育','7-5383-4423-3','哲学'),(613,'英汉联通双语阅读-高二议论文','','吉林教育','7-5383-4424-1','哲学'),(614,'英汉联通双语阅读-高三说明文','','吉林教育','7-5383-4422-5','政法'),(615,'英汉联通双语阅读-高一记叙文','','吉林教育','7-5383-4407-1','生物科学'),(616,'英汉联通双语阅读-高一议论文','','吉林教育','7-5383-4408-X','工业技术'),(617,'创新爆炸--通过智力和软件实现增长战略','詹姆士.奎恩(美)','吉林人民','7-206-03154-4','历史'),(618,'邓小平理论研究书系:邓小平社会主义民主论','','吉林人民','7-206-03079-3','航空航天'),(619,'谜米机器: 文化之社会传递过程的基因学','英.','吉林人民','7-206-03698-8','哲学'),(620,'中国名人访问记','纪学','吉林人民','7-206-02855-1','自然科学总论'),(621,'摄影技巧丛书:休闲摄影与拍摄技巧','许小平','吉林摄影','7-80606-142-8','航空航天'),(622,'0-5岁宝宝养护百分百:养个百分百会吃的宝宝--婴幼儿饮食与喂养','李海浪','江苏科学技术','7-5345-3805-X','艺术'),(623,'菜点创新30法','','江苏科学技术','7-5345-3625-1','天文学'),(624,'餐馆流行菜:果蔬类','肖德军','江苏科学技术','7-5345-3763-0','文学'),(625,'餐馆流行菜:禽蛋.豆制品类','朱年','江苏科学技术','7-5345-3762-2','政法'),(626,'产后瘦身保健操挂图','','江苏科学技术','7-5345-3515-8','历史'),(627,'宠物饲养大全丛书:家庭养犬大全','李群','江苏科学技术','7-5345-3037-7','经济'),(628,'花博士系列:新潮花卉养护与欣赏','王意成','江苏科学技术','7-5345-3433-X','历史'),(629,'花艺系列:创意插花','刘飞鸣','江苏科学技术','7-5345-3502-6','哲学'),(630,'家庭美食小丛书:家庭四季保健粥','倪惠珠','江苏科学技术','7-5345-3006-7','自然科学总论'),(631,'快乐成长健康宝宝操.挂图','','江苏科学技术','7-5345-3494-1','历史'),(632,'绿色佳肴丛书:健康花果菜','张恩来','江苏科学技术','7-5345-3598-0','军事'),(633,'绿色佳肴丛书:健康叶菜','张恩来','江苏科学技术','7-5345-3589-1','工业技术'),(634,'名贵玩赏鸟鉴赏与养护','王增年 李树忠','江苏科学技术','7-5345-3853-X','历史'),(635,'农民致富新道道丛书:蝎子养殖新法','朱张海等编著','江苏科学技术','7-5345-3145-4','自然科学总论'),(636,'棚室花卉栽培技术丛书:非洲菊','何小弟','江苏科学技术','7-5345-3081-4','工业技术'),(637,'棚室花卉栽培技术丛书:切叶类植物','何小弟','江苏科学技术','7-5345-3124-1','艺术'),(638,'棚室花卉栽培技术丛书:郁金香','王意成','江苏科学技术','7-5345-3064-4','历史'),(639,'巧查巧治丛书:巧治百病','孙彪','江苏科学技术','7-5345-3740-1','天文学'),(640,'实用单方大全','薛建国','江苏科学技术','7-5345-3561-1','天文学'),(641,'食叶鲜系列:果蔬小荤','吴伟志','江苏科学技术','7-5345-3224-8','哲学'),(642,'食叶鲜系列:美味肉肴','陈新华','江苏科学技术','7-5345-2868-2','艺术'),(643,'食叶鲜系列:特色点心','洪顺安','江苏科学技术','7-5345-2865-8','艺术'),(644,'特种经济动物规模养殖关键技术丛书:番鸭','赵旭庭','江苏科学技术','7-5345-3361-9','艺术'),(645,'特种经济动物规模养殖关键技术丛书:麝鼠养殖与利用新技术','孙同望','江苏科学技术','7-5345-3303-1','综合性图书'),(646,'图解按摩除百病丛书:图解小儿按摩除百病','查炜','江苏科学技术','7-5345-3074-1','历史'),(647,'休闲.情趣.娱乐丛书:家庭养猫要领200答','','江苏科学技术','7-5345-3675-8','自然科学总论'),(648,'休闲健身丛书:保龄球运动入门','陶志翔','江苏科学技术','7-5345-3509-3','历史'),(649,'休闲健身丛书:登山攀岩与野营入门','马红宇','江苏科学技术','7-5345-3390-2','政法'),(650,'休闲健身丛书:力量练习器健身健美入门','郑念军','江苏科学技术','7-5345-3455-0','军事'),(651,'休闲健身丛书:有氧健身走与跑入门','张英波','江苏科学技术','7-5345-3391-0','天文学'),(652,'阳光女性丛书:酷美塑形','徐文','江苏科学技术','7-5345-3769-X','哲学'),(653,'阳光女性丛书:相伴风韵','德.','江苏科学技术','7-5345-3671-5','自然科学总论'),(654,'阳光女性丛书:诱人体形','德.','江苏科学技术','7-5345-3670-7','政法'),(655,'药膳小丛书:肝脏病药膳180种','彭铭泉','江苏科学技术','7-5345-3536-0','综合性图书'),(656,'药膳小丛书:美容瘦身药膳300种','彭铭泉','江苏科学技术','7-5345-3538-7','交通运输'),(657,'药膳小丛书:孕产妇及婴幼儿保健药膳160种','彭铭泉','江苏科学技术','7-5345-3544-1','生物科学'),(658,'医师提高丛书:精神分裂症现代诊疗','张明园主编','江苏科学技术','7-5345-3451-8','天文学'),(659,'医师提高丛书:糖尿病现代诊疗','何戎华','江苏科学技术','7-5345-3209-4','生物科学'),(660,'饮食治疗指南(第二版)','窦国祥','江苏科学技术','7-5345-3687-1','哲学'),(661,'孕妇保健操挂图','','江苏科学技术','7-5345-3516-6','航空航天'),(662,'教会你化妆','刘亚逸','江苏美术','7-5344-0411-8','综合性图书'),(663,'中国军事文学名著缩写.外国卷:战争与和平(上下)','托尔斯泰(俄)','解放军文艺','7-5033-0727-7','文学'),(664,'中国问题报告:交锋--当代中国三次思想解放实录','马立诚等','今日中国','7-5072-0915-6','艺术'),(665,'十五工业规划与发展战略--国家经济贸易委员会十五行业规划','国家经贸委行业规划司编','经济科学','7-5058-2742-1','政法'),(666,'于光远经济学文选','于光远著','经济科学','7-5058-2379-5','经济'),(667,'1998中国水灾','','九州','7-80114-338-8','生物科学'),(668,'当代中学生专题作文宝库.议论文:观读后感.他的眼睛告诉我','','开明','7-80133-141-9','艺术'),(669,'师表:记人民的好校长包全杰','李宏林','辽海','7-80649-407-3','工业技术'),(670,'考克斯报告与李文和案','高咏湛','辽宁画报','7-80601-286-9','艺术'),(671,'中国历代碑帖:爨宝子碑','','辽宁画报','7-80601-199-4','综合性图书'),(672,'中国历代碑帖:郑文公碑','','辽宁画报','7-80601-202-8','文学'),(673,'无老师电脑容易学丛书:Win95小帮手','','辽宁科学技术','7-5381-2872-7','综合性图书'),(674,'21世纪书法系列丛书.北魏墓志珍稀拓片系列丛帖--于纂墓志(第八册)','-','辽宁美术','7-5314-2283-2','军事'),(675,'百业精技入门奥秘系列丛书:没骨人物技法入门奥秘','杜庆元','辽宁美术','7-5314-2381-2','工业技术'),(676,'节与日','金晓瑜 王维','辽宁美术','7-5314-2101-1','交通运输'),(677,'少年学美术:色彩(上)','张振华 吴家栋','辽宁美术','7-5314-1806-1','艺术'),(678,'少年学美术:速写(上)','吴家栋 石豁意','辽宁美术','7-5314-1803-7','天文学'),(679,'油画.材料.技法系列丛书:当代油画技法奥秘','张春新等编著','辽宁美术','7-5314-2372-3','历史'),(680,'珍稀墨迹.拓本碑帖系列丛书.北朝系列:天柱山铭','蒋文光','辽宁美术','7-5314-2689-7','航空航天'),(681,'珍稀墨迹.拓本碑帖系列丛书.北朝系列:孝文皇帝吊比干墓文','蒋文光','辽宁美术','7-5314-2689-7','自然科学总论'),(682,'中国画技法解析系列:写意花鸟篇','林薇编著','辽宁美术','7-5314-2308-1','交通运输'),(683,'小资本.大财源','李敏','内蒙古文化','7-80675-128-9','历史'),(684,'人民卫生文库.名医说病:尿路结石','许龙根.李黎编著','农村读物','7-5048-3157-3','综合性图书'),(685,'派力营销思想库:重点零售客户管理','谢鹏','企业管理','7-80197-074-8','哲学'),(686,'证券分析丛书:证券基础分析教程','龙永红等','企业管理','7-80001-438-X','工业技术'),(687,'高考英语听力模拟手册(附光盘)','玛利亚.霍托(美)','清华大学','A18-00-0037-0','社会科学总论'),(688,'在网路上狂奔--一个少年的死和对一个产业的诉讼','张春良','群言','7-80080-555-7','社会科学总论'),(689,'走向交往实践的唯物主义--马克思交往实践观的历史视域与当代意义','町田三郎','人民','7-01-003817-1','综合性图书'),(690,'澳门文学袖珍丛书:等你在冬季','陶里','人民日报','7-80153-210-4','经济'),(691,'澳门文学袖珍丛书:你一定要来澳门','凌钝','人民日报','7-80153-210-4','天文学'),(692,'跋涉者文丛:东北亚文化名家论文选','李文政','人民日报','7-80153-345-3','天文学'),(693,'报纸编辑十二题','宋世琦','人民日报','7-80002-733-3','社会科学总论'),(694,'当代财神--中国农业银行全国优秀营业所主任饶才富','张永和','人民日报','7-80153-042-X','交通运输'),(695,'方成漫画','方成','人民日报','7-80002-970-0','政法'),(696,'伏案金台十一年:批示谈话集','邵华泽','人民日报','7-80153-038-1','艺术'),(697,'搞好国有企业的改革和发展','蒋映光 钟秋菊','人民日报','7-80002-849-6','天文学'),(698,'国(区)际民商事法律适用法','','人民日报','7-80002-710-4','社会科学总论'),(699,'健康之道388--人民日报海外版.健康版文章精选之二','冯军军等','人民日报','7-80002-925-5','自然科学总论'),(700,'经济文书写作大辞典','卿成','人民日报','7-80002-791-0','经济'),(701,'经济学发展轨迹--历届诺贝尔经济学奖获得者术要(第三辑)','梁小民','人民日报','7-80153-135-3','经济'),(702,'经济学发展轨迹--历届诺贝尔经济学奖获得者述要(第四辑)','梁小民主编','人民日报','7-80153-272-4','交通运输'),(703,'苗地漫画','苗地','人民日报','7-80002-972-7','自然科学总论'),(704,'目击暴行--吕岩松南联盟战地摄影选','品岩松','人民日报','7-80153-140-X','社会科学总论'),(705,'全国小学数学教学名家丛书:顾汝佐课堂教学设计指引和评介','顾汝佐','人民日报','7-80002-943-3','政法'),(706,'全国小学数学教学名家丛书:吴正宪数学教学教例与教法','吴正宪','人民日报','7-80002-945-X','生物科学'),(707,'中国历代文学作品选(上下)','朱东润','上海古籍','7-5325-3016-7','政法'),(708,'21世纪电影匣子','里尔','上海画报','7-80685-161-5','生物科学'),(709,'超越小资丛书:星光伴我行','蔡慧芳','上海画报','7-80685-204-2','文学'),(710,'分手万万岁','爱林','上海画报','7-80685-287-5','艺术'),(711,'国际设计传真:商业广告设计','陈华沙','上海画报','7-80530-877-2','经济'),(712,'好莱坞红唇丽影','里尔','上海画报','7-80530-785-7','历史'),(713,'美术考试攻略:石膏挂像50幅','','上海画报','7-80530-906-X','军事'),(714,'梦寻曼哈顿--上海画家在美国','','上海画报','7-80530-920-5','文学'),(715,'品位周刊丛书:都市情流感--In男女的情绪体温K线','胡绳梁','上海画报','7-80685-231-X','工业技术'),(716,'人体之美','何学林','上海画报','7-80685-162-3','军事'),(717,'少年儿童美术技法丛书:水彩画.人物','','上海画报','7-80530-424-6','政法'),(718,'少年儿童美术技法丛书:水粉画.人物','','上海画报','7-80530-434-3','自然科学总论'),(719,'实用大字帖.画报写字丛书:陈隋智永《草书千字文》选字本','江理平 方允其','上海画报','7-80530-597-8','艺术'),(720,'实用大字帖.画报写字丛书:宋苏轼《丰乐亭记》选字本','','上海画报','7-80530-375-4','自然科学总论'),(721,'实用大字帖.画报写字丛书:元赵孟(兆页)《胆巴碑》选字本','','上海画报','7-80530-432-7','哲学'),(722,'水彩画示范--风景','','上海画报','7-80530-307-X','文学'),(723,'斯德哥尔摩之旅','李建纲','上海画报','7-80685-189-5','自然科学总论'),(724,'爱情坐标:婚姻心理测试','忻雨','上海科学普及','7-5427-2579-3','工业技术'),(725,'煲菜','张宁','上海科学普及','7-5427-1033-8','经济'),(726,'大衣.风衣精品世界','','上海科学普及','7-5427-1004-4','社会科学总论'),(727,'儿童家庭医疗保健:0-16岁疾病防治与心理卫生指导','徐伟英','上海科学普及','7-5427-2132-1','综合性图书'),(728,'饭店家常菜','王慧良','上海科学普及','7-5427-2435-5','社会科学总论'),(729,'蜂产品与长寿保健','曾志将','上海科学普及','7-5427-1543-7','经济'),(730,'干花干果保健茶百例','道书明','上海科学普及','7-5427-2383-9','交通运输'),(731,'海派川菜:王慧良作品选','王慧良','上海科学普及','7-5427-1558-5','综合性图书'),(732,'航空奥秘','程不时','上海科学普及','7-5427-1988-2','天文学'),(733,'家庭花艺丛书:家养观叶植物','李萍','上海科学普及','7-5427-1933-5','航空航天'),(734,'居家照护','林王美园','上海科学普及','7-5427-1609-3','军事'),(735,'老年康复与疗养','','上海科学普及','7-5427-1396-5','自然科学总论'),(736,'芦荟的开发和奇效','黄海鸥','上海科学普及','7-5427-1631-X','生物科学'),(737,'芦荟栽培与加工利用','顾文祥','上海科学普及','7-5427-1579-8','天文学'),(738,'名家书体.钢笔字技法丛帖:草书','胡传国','上海科学普及','7-5427-2340-5','航空航天'),(739,'魔法精灵斗地主','励锦明','上海科学普及','7-5427-2303-0','经济'),(740,'农村党员.基层干部实用技术培训丛书:肉鸭饲养新技术','','上海科学普及','7-5427-1168-7','综合性图书'),(741,'农民黄金屋丛书:猕猴桃优质高效生产新技术','王仁才编著','上海科学普及','7-5427-1593-3','哲学'),(742,'诺贝尔科学巨匠丛书:勇往直前--物理学家塞格雷的故事','钱立','上海科学普及','7-5427-2287-5','军事'),(743,'青少年科技丛书:人类出现前的生命','谢万明','上海科学普及','7-5427-0862-7','天文学'),(744,'青少年科技丛书:神奇的压力','张越','上海科学普及','7-5427-0708-6','天文学'),(745,'全科医学一病一书:牙病防治与牙齿美容','徐培成','上海科学普及','7-5427-2279-4','生物科学'),(746,'全球濒危珍稀动物画册--鸟类','陈廷超','上海科学普及','7-5427-1527-5','天文学'),(747,'生命万花筒','曹虎','上海科学普及','7-5427-1878-9','交通运输'),(748,'数学故事丛书:否定中的肯定-逻辑的故事','','上海科学普及','7-5427-0169-X','艺术'),(749,'特色果冻与饮品','应东章','上海科学普及','7-5427-2476-2','社会科学总论'),(750,'特色冷盆','钱以斌','上海科学普及','7-5427-2292-1','艺术'),(751,'特色热菜','钱以斌','上海科学普及','7-5427-2456-8','军事'),(752,'图案美术字书写技法','秦浩正','上海科学普及','7-5427-2324-3','天文学'),(753,'现代人饮食系列:低油减肥食谱','周淑玲著','上海科学普及','7-5427-1908-4','航空航天'),(754,'勇闯太空:苏联和美国争夺太空揭秘','美.','上海科学普及','7-5427-1974-2','历史'),(755,'邮票中的动物世界','毛增南','上海科学普及','7-5427-1319-1','哲学'),(756,'中医病理研究丛书:中医数学病理学','郭戊英','上海科学普及','7-5427-1244-6','工业技术'),(757,'专家方案:新父母育儿锦囊','美.','上海科学普及','7-5427-1822-3','综合性图书'),(758,'世界遗产与年轻人','','上海三联书店','7-5426-1601-3','历史'),(759,'新上海发现之旅:购','','上海三联书店','7-5426-1492-4','文学'),(760,'新上海发现之旅:住','','上海三联书店','7-5426-1488-6','自然科学总论'),(761,'中学生时文选读与训练(2003年版)--适合初.高中学生各级考试复习使用','','上海文化','7-80646-499-9','政法'),(762,'上海现代居室装潢','严鸿华','上海远东','7-80613-584-7','自然科学总论'),(763,'时尚装潢:厨房','莉玛.','上海远东','7-80613-715-7','政法'),(764,'时尚装潢:家庭娱乐室','坎德西.奥德.曼罗(美)','上海远东','7-80613-707-6','文学'),(765,'时尚装潢:日光浴室','美.','上海远东','7-80613-816-1','综合性图书'),(766,'时尚装潢:细部巧饰','','上海远东','7-80613-817-X','艺术'),(767,'瘦身素食Party:英汉对照','陈青狄','上海远东','7-80661-020-0','自然科学总论'),(768,'养生美膳集锦','林美慧','上海远东','7-80613-680-0','经济'),(769,'中国地域文化大系:河陇文化--连接古代中国与世界的走廊','','上海远东','7-80613-811-0','社会科学总论'),(770,'中医内科急症手册','','上海中医药大学','7-81010-309-1','哲学'),(771,'创世纪工商管理译库:快餐国家--发迹史.黑幕和暴富之路','','社会科学文献','7-80149-783-X','社会科学总论'),(772,'经济蓝皮书:2004年--中国经济形势分析与预测(含盘)','张广瑞','社会科学文献','7-80149-942-5','天文学'),(773,'世界经济黄皮书:2000-2001年--世界经济形势分析与预测','','社会科学文献','7-80149-426-1','政法'),(774,'喜马拉雅的神秘古碉','达瑞根(法)','深圳报业集团','7-80709-043-X','艺术'),(775,'电脑时尚与经典:实用电脑软件大全','','石油工业','7-5021-3288-0','历史'),(776,'来杯幸福茶:幸福一生的6个理由','简宁','石油工业','7-5021-4956-2','哲学'),(777,'来杯智慧茶:129个故事129道茶','贝克特(美)','石油工业','7-5021-4884-1','文学'),(778,'教育部推荐中学生必读书:唐.吉诃德(上下)','塞万提斯(西班牙)','时代文艺','7-5387-1518-5','工业技术'),(779,'书商:揭秘2渠道','周新京','时代文艺','7-5387-1582-7','历史'),(780,'中学课本同步习字贴','罗春方','时代文艺','7-5387-1038-8','社会科学总论'),(781,'中学生必读书.初中卷(导读本)','严家炎','时代文艺','7-5387-1474-X','工业技术'),(782,'中学生必读书.高中卷(导读本)','严家炎','时代文艺','7-5387-1475-8','文学'),(783,'博士英语系列:大学英语六级阅读精解50篇','王家庆','世界图书','7-5062-5288-0','哲学'),(784,'布格缪勒合集--作品109 105(新版)','','世界图书','7-5062-4058-0','哲学'),(785,'精通Client/Server网络数据库实践','卢毅','世界图书','7-5062-4578-7','生物科学'),(786,'精通Visual Basic 6.0中文版','洪锦魁','世界图书','7-5062-4649-X','历史'),(787,'开塞小提琴练习曲36首','','世界图书','7-5062-2925-0','军事'),(788,'快乐学英语系列:英语笑话谜语集(中级)','','世界图书','7-5062-3905-1','社会科学总论'),(789,'门德尔松无词歌','','世界图书','7-5062-4655-4','哲学'),(790,'萨克斯管二重奏曲集','','世界图书','7-5062-4064-5','艺术'),(791,'实用词典系列:实用英汉情景分类词典','','世界图书','7-5062-3198-0','生物科学'),(792,'世界经营管理实务:现代证券投资学','葛开明','世界图书','7-5062-3632-X','自然科学总论'),(793,'新世纪词典系列:实用英语描写词典(精)','曲卫国','世界图书','7-5062-2197-7','交通运输'),(794,'性病防治手册','','世界图书','7-5062-2930-7','自然科学总论'),(795,'英国式精致礼品书系列:女性礼赞(英汉对照)','','世界图书','7-5062-3575-7','文学'),(796,'英国式精致礼品书系列:献给老师(英汉对照)','','世界图书','7-5062-2923-4','经济'),(797,'英国式精致礼品书系列:新婚志喜(英汉对照)','','世界图书','7-5062-3079-8','哲学'),(798,'英国式精致礼品书系列:赠爱孙(英汉对照)','','世界图书','7-5062-3069-0','哲学'),(799,'英国式精致礼品书系列:赠父亲(英汉对照)','','世界图书','7-5062-3070-4','政法'),(800,'英国式精致礼品书系列:赠母亲(英汉对照)','','世界图书','7-5062-3071-2','历史'),(801,'英国式精致礼品书系列:赠妻子(英汉对照)','','世界图书','7-5062-3075-5','工业技术'),(802,'英国式精致礼品书系列:赠爷爷(英汉对照)','','世界图书','7-5062-3066-6','交通运输'),(803,'英国式精致礼品书系列:赠挚友(英汉对照)','','世界图书','7-5062-3083-6','工业技术'),(804,'英国式精致礼品书系列:祝您快乐(英汉对照)','','世界图书','7-5062-3081-X','哲学'),(805,'鼎--托起中国的大城市群','周牧之','世界知识','7-5012-2243-6','综合性图书'),(806,'俄罗斯十年--政治经济外交(上下)','','世界知识','7-5012-2165-0','综合性图书'),(807,'共商合作 共享商机--2010中国东盟自由贸易区','杨成绪','世界知识','7-5012-2265-7','天文学'),(808,'海威风尚作品:BOBO女人--幸福女人的摩登天堂','海威','世界知识','7-5012-2001-8','哲学'),(809,'李肇星在线谈外交','时新','世界知识','7-5012-2230-4','工业技术'),(810,'留学与垃圾:来自中国海外留学生问题报告','陈铁源','世界知识','7-5012-2141-3','经济'),(811,'人权.主权.霸权--透视美国人权外交','洪国起等','世界知识','7-5012-2154-5','艺术'),(812,'实战兵器与三维模拟(光盘)','','世界知识','7-89996-209-9','自然科学总论'),(813,'世界知识年鉴2003-2004','','世界知识','0-00-000000-0','经济'),(814,'一不留神','丁山','世界知识','7-5012-2215-0','工业技术'),(815,'游走世界的中国人:去巴黎当华侨','王方辉','世界知识','7-5012-2181-2','交通运输'),(816,'秩序之争影响深远--2003年国际形势发展轨迹','','世界知识','7-5012-2235-5','艺术'),(817,'中国护照','','世界知识','7-5012-1855-2','文学'),(818,'中国艺术品市场报告','白志良','世界知识','7-5012-2137-5','综合性图书'),(819,'足疗与保健','','世界知识','7-5012-2168-5','工业技术'),(820,'百分之百纯棉','裘山山','四川大学','7-5614-2879-0','社会科学总论'),(821,'水红色少年','戴新伟','四川大学','7-5614-2905-3','历史'),(822,'中国美容美学','张晓梅等','四川科学技术','7-5364-5111-3','政法'),(823,'名家漫步艺术殿堂:艾尔米塔什么之霞--走进俄罗斯艾米尔塔什博物馆','赵丽宏','四川美术','7-5410-2218-7','艺术'),(824,'幽默与漫画经典系列:家庭生活幽默与漫画经典','-','四川美术','7-5410-1969-0','工业技术'),(825,'幽默与漫画经典系列:世界名人幽默与漫画经典','-','四川美术','7-5410-1969-0','文学'),(826,'与大师同游丛书:与徐志摩游欧洲','徐志摩','四川美术','7-5410-2065-6','社会科学总论'),(827,'专家指定高中学生必读古诗文(彩图版)','陈应鸾','四川美术','7-5410-2318-3','艺术'),(828,'年轻父母必修手册:观念改变行为--与孩子一同成长','培特森(美)','天津教育','7-5309-4592-0','历史'),(829,'39度青春:色即是空','如贤','天津人民','7-201-04868-6','自然科学总论'),(830,'冰人(上下)','杨颖红','天津人民','7-201-04848-1','艺术'),(831,'大学英语时文轻松阅读(初级 第2集):在家上学','赵恒元','天津人民','7-201-04249-1','生物科学'),(832,'大学英语时文轻松阅读(高级 第2集):宇宙中充满了黑洞','赵恒元','天津人民','7-201-04250-5','生物科学'),(833,'大学英语时文轻松阅读(中级 第2集):反思摩天大楼','赵恒元','天津人民','7-201-04248-3','历史'),(834,'妇女与社会性别学书系:社会性别.第2辑','杜芳琴等','天津人民','7-201-04833-3','交通运输'),(835,'环球聚焦:地缘政治与中国国防战略','楼耀亮著','天津人民','7-201-03983-0','航空航天'),(836,'环球聚焦:世界高技术武器市场透视','叶卫平主编','天津人民','7-201-04028-6','天文学'),(837,'经济学观察:鹰和人都吃鸡','蔡昉','天津人民','7-201-03995-4','社会科学总论'),(838,'经济学观察丛书:制度是怎样炼成的','夏业良','天津人民','7-201-03992-X','天文学'),(839,'流行酷语全接触','晓卫','天津人民','7-201-04011-1','航空航天'),(840,'马克.吐温经典游记:流浪汉在海外.中英对照','马克.吐温(美)','天津人民','7-201-04500-8','历史'),(841,'平津战役史料丛书:走近最后的决战--平津战役参战将士访谈录','平津战役纪念馆编','天津人民','7-201-04083-9','哲学'),(842,'奇幻之旅.迷失大陆之三:阴影中的英雄','读书之人','天津人民','7-201-04162-2','历史'),(843,'奇幻之旅.血月三部曲:艾尔帕西亚佣兵','段瑕','天津人民','7-201-04165-7','综合性图书'),(844,'奇幻之旅.紫川全本.第1部:帝都风云','刘宏','天津人民','7-201-04317-X','历史'),(845,'奇幻之旅.紫川全本.第3部:蓝河泣血','老猪','天津人民','7-201-04331-5','自然科学总论'),(846,'奇幻之旅.紫川全本.第5部:光明王','老猪','天津人民','7-201-04650-0','工业技术'),(847,'奇幻之旅:龙游(上)','光牙','天津人民','7-201-04472-9','生物科学'),(848,'奇幻之旅:迷失大陆.典藏本(上下)','读书之人','天津人民','7-201-04704-3','工业技术'),(849,'奇幻之旅:中国A组(上下)','杨叛','天津人民','7-201-04686-1','文学'),(850,'千万别笑.第1辑--英汉对照幽默故事','贾淑香','天津人民','7-201-04695-0','综合性图书'),(851,'千万别笑.第3辑--英汉对照幽默故事','王立莉','天津人民','7-201-04697-7','历史'),(852,'青蝠酒吧(上下)','孔雀','天津人民','7-201-04718-3','交通运输'),(853,'人文视窗丛书:倾斜的金字塔','杨东平著','天津人民','7-201-03948-2','军事'),(854,'人文视窗丛书:新世纪的思想地图','许纪霖','天津人民','7-201-03895-8','政法'),(855,'榕树下.荷尔蒙系列青春长篇小说丛书:穿过你的黑发的我的少年','曾尹郁','天津人民','7-201-04709-4','天文学'),(856,'榕树下.域外情感小说:柏林情人','旖旎','天津人民','7-201-03944-X','经济'),(857,'榕树下:抽屉里的秘密--全国中学生第二届网络作文大赛获奖作品集','-','天津人民','7-201-04896-1','社会科学总论'),(858,'榕树下:非常浪漫','光牙','天津人民','7-201-04544-X','航空航天'),(859,'榕树下:韩国电影完全手册(1995-2002)','杨璐等','天津人民','7-201-04230-0','天文学'),(860,'榕树下:开心魔鬼辞典','沈潇潇','天津人民','7-201-03951-2','政法'),(861,'榕树下:米斯特多的幸福','伍怡中','天津人民','7-201-04840-6','综合性图书'),(862,'榕树下:那一季荷花灿烂','水色','天津人民','7-201-04893-7','交通运输'),(863,'榕树下:青春的伤口','缪晓俊','天津人民','7-201-04899-6','文学'),(864,'榕树下:少年','韩寒','天津人民','7-201-04376-5','政法'),(865,'榕树下:天上人间','阿摩','天津人民','7-201-04839-2','生物科学'),(866,'榕树下:我为舞狂','吴有音','天津人民','7-201-04617-9','生物科学'),(867,'榕树下:吓死你不偿命--网络惊悚故事集','路骨','天津人民','7-201-04618-7','历史'),(868,'榕树下:笑死你不偿命(2)--网络经典幽默作品选','刘激扬','天津人民','7-201-04333-1','文学'),(869,'榕树下:笑死你不偿命(5)--网络经典幽默文集','刘激杨','天津人民','7-201-04894-5','生物科学'),(870,'榕树下:迅雷不及掩耳盗铃之势','王小山','天津人民','7-201-04812-0','交通运输'),(871,'榕树下:一悟所有--创造多资多财的幸福人生','殷生','天津人民','7-201-04592-X','交通运输'),(872,'榕树下:最后的宣战--中国最神秘的艾滋病人黎家明网络手记','黎家明','天津人民','7-201-04113-4','政法'),(873,'世界文学名著少年必读丛书:巴黎圣母院.彩色珍藏版','雨果(法)','天津人民','7-201-04654-3','文学'),(874,'世界文学名著少年必读丛书:高老头.彩色珍藏版','巴尔扎克(法国)','天津人民','7-201-04677-2','文学'),(875,'世界文学名著少年必读丛书:呼啸山庄.彩色珍藏版','勃朗特(英)','天津人民','7-201-04725-6','哲学'),(876,'世界文学名著少年必读丛书:罗密欧与朱丽叶.彩色珍藏版','莎士比亚(英)','天津人民','7-201-04649-7','生物科学'),(877,'世界文学名著少年必读丛书:约翰.克利斯朵夫.彩色珍藏版','罗曼.罗兰(法国)','天津人民','7-201-04721-3','综合性图书'),(878,'危机营销--中国第1本危机营销MBA教案','陈双全','天津人民','7-201-04325-0','哲学'),(879,'西方后现代艺术经典.电影戏剧卷:无限透明之蓝','王宁','天津人民','7-201-04167-3','综合性图书'),(880,'新华商系列丛书:新华商精英财富透析','任傲霜','天津人民','7-201-04067-7','军事'),(881,'新鲜人书系:寂寞的卡布其诺--12星座女孩的爱情故事','吴菁等','天津人民','7-201-04224-6','经济'),(882,'新鲜人书系:瘦身Club','吴菁','天津人民','7-201-03985-7','哲学'),(883,'新鲜人书系:星座与爱情','吴菁等','天津人民','7-201-04226-2','交通运输'),(884,'新鲜人书系:星座与血型','吴菁等','天津人民','7-201-04227-0','交通运输'),(885,'幸福人生系列丛书:掘取财富的23条傻瓜定律','逸凡','天津人民','7-201-04173-8','政法'),(886,'友谊长存--纪念天津神户缔结友城关系30周年','耿建华编著','天津人民','7-201-04371-4','天文学'),(887,'张国龙青春文学系列:蓝调少年--一个都市少年的蓝调心情','张国龙','天津人民','7-201-04792-2','文学'),(888,'张国龙青春文学系列:少年行者--一个少年硬汉的成长之歌','张国龙','天津人民','7-201-04794-9','文学'),(889,'张国龙青春文学系列:有种感觉你不懂--讲述七个少年的心灵秘密','张国龙','天津人民','7-201-04795-7','历史'),(890,'中国社会心理学研究进展','乐国安','天津人民','7-201-04739-6','哲学'),(891,'卓越女性丛书.彩色经典珍藏版:新少女私房百科','高雅洁','天津人民','7-201-04606-3','政法'),(892,'高占祥书法选','','天津杨柳青画社','7-80503-258-0','航空航天'),(893,'名牌大学名师讲堂.北大青华学人讲坛(1):法治的阶梯--中国当代法治进程热点问题十五讲','','团结','7-80130-670-8','政法'),(894,'硕士研究生入学考试英语试卷和答案(89年度-98年度)','','外文','7-119-02253-9','文学'),(895,'聪明健康宝宝教养丛书:宝宝教养一本全(1-2岁)(含盘)','','未来','7-5417-2738-5','艺术'),(896,'书法入门指南:苏轼楷书笔法','陈平等编著','未来','7-5417-2282-0','军事'),(897,'中学生素质教育读本:探索生物奥秘--中学生科技小论文精选精评','李梦兰','未来','7-5417-2689-3','航空航天'),(898,'初中试题集锦选评丛书:物理','','文汇','7-80531-315-6','生物科学'),(899,'城市欲望丛书:越寂寞越美丽','慕容紫薇','文津','7-80554-475-1','天文学'),(900,'读图时代作文书坊:中学生新漫画作文.说明篇','-','文心','7-80683-016-2','交通运输'),(901,'读图时代作文书坊:中学生新漫画作文.写景篇','-','文心','7-80683-011-1','艺术'),(902,'读图时代作文书坊:中学生新漫画作文.议论篇','-','文心','7-80683-013-8','航空航天'),(903,'高考作文大突破','刘润','文心','7-80683-003-0','文学'),(904,'捷进英语:英语会话快易通.台湾引进版','李奇','文心','7-80683-150-9','天文学'),(905,'捷进英语:英语完形填空快易通.台湾引进版','李奇','文心','7-80683-143-6','自然科学总论'),(906,'捷进英语:英语语法解析快易通.台湾引进版','黄翊帆','文心','7-80683-142-8','哲学'),(907,'中学生身边的作文','姚晓丹等','文心','7-80537-775-8','艺术'),(908,'地图中国丛书:中国才子地图--一个美女作家评点五千年中国各地才子','何乃佳','西苑','7-80108-869-7','艺术'),(909,'地图中国丛书:中国佳丽地图--39个最重要美女中心的空前人文地理观察','范艺','西苑','7-80108-868-9','哲学'),(910,'1949--1999新华社优秀新闻作品选集:新闻摄影选','郭超人主编','新华','7-5011-4754-X','生物科学'),(911,'CCTV-12交通在线西部行','','新华','7-5011-6264-6','工业技术'),(912,'当代资本主义研究译丛:全球化综合征','(美)米特尔曼著刘得手译','新华','7-5011-5497-X','文学'),(913,'好新闻后面--编辑耕耘录','','新华','7-5011-2048-X','天文学'),(914,'李敖这个人','陈才生','新华','7-5011-6426-6','艺术'),(915,'六双行动鞋','英.','新华','7-5011-6049-X','军事'),(916,'偏见:CBS知情人揭露媒体如何歪曲新闻','','新华','7-5011-5797-9','艺术'),(917,'世界文学五十年作品选:镜中疵.自传回忆录卷','','新华','7-5011-6050-3','自然科学总论'),(918,'希区柯克悬念故事集(4):医生谋杀死人','','新华','7-5011-6236-0','航空航天'),(919,'中国广播电视新闻奖2000年度社教佳作赏析','郭宝新主编','新华','7-5011-5518-6','经济'),(920,'中国广播电视新闻奖2001年度新闻佳作赏析','江欧利','新华','7-5011-5917-3','历史'),(921,'禅门风姿(港版)','弘学','新华出版(香港)有限公司','9-88979-122-6','经济'),(922,'LOVE POST书系.小说e世代:很爱很爱你','','新世界','7-80005-988-X','政法'),(923,'彼岸的浪漫:我最喜欢的浪漫小说','张承选','新世界','7-80187-033-6','综合性图书'),(924,'禅.日莲花开','方东来','新世界','7-80187-382-3','文学'),(925,'二十世纪外国经典作家传记:加西亚.马尔克斯传(插图珍藏本)','陈众议','新世界','7-80187-099-9','哲学'),(926,'根本利益丛书.何建明获奖报告文学集:共和国告急','何建明','新世界','7-80187-252-5','航空航天'),(927,'宫本武藏(2).剑与禅.水之卷','吉川英治(日)','新世界','7-80187-234-7','社会科学总论'),(928,'汉末党锢之谜','李(吉力)','新世界','7-80187-165-0','政法'),(929,'汉字全息文化丛书:信仰字中寻','萧启宏','新世界','7-80187-025-5','历史'),(930,'后花园的星空:平凡人的幸福生活','凌浩','新世界','7-80187-247-9','艺术'),(931,'快乐@健康厨房','杰瑞.贝克(美)','新世界','7-80187-334-3','政法'),(932,'聆听智慧.在文学馆听讲座丛书:命运与现实','傅光明','新世界','7-80187-484-6','政法'),(933,'聆听智慧.在文学馆听讲座丛书:神话与现代','傅光明','新世界','7-80187-483-8','社会科学总论'),(934,'民间的回声--新民报创始人陈铭德邓季惺传','蒋丽萍 林传平','新世界','7-80187-089-1','生物科学'),(935,'内衣魅力女人的秘密故事','鲍尔(德)','新世界','7-80187-304-1','社会科学总论'),(936,'瞧这群文化动物','李冰','新世界','7-80187-558-3','艺术'),(937,'生活是一次没有地图的旅行','叶玲珑','新世界','7-80187-370-X','工业技术'),(938,'思考帽和行动鞋','贾玉虎','新世界','7-80187-296-7','艺术'),(939,'王道--一代巨商的宦海沉浮','崔仁浩(韩)','新世界','7-80187-428-5','航空航天'),(940,'下一站 爱情','小堂','新世界','7-80187-769-1','社会科学总论'),(941,'新青年DVD手册.精华版第一辑','','新世界','7-80005-916-2','自然科学总论'),(942,'音乐剧之旅','周小川等','新世界','7-80005-443-8','交通运输'),(943,'中国民间收藏智库:名人字画','','新世界','7-80005-993-6','经济'),(944,'中国文化史探秘丛书:天赐王国--三星堆.金沙遗址发现之谜','岳南','新世界','7-80187-255-X','天文学'),(945,'中国作家教子报告','廖怒','新世界','7-80187-228-2','历史'),(946,'字海拾趣(4):匡误与考证','惠伊深','新世界','7-80005-649-X','自然科学总论'),(947,'全国高等教育自学考试同步训练.同步过关:计算机应用技术','','学苑','7-5077-1969-3','自然科学总论'),(948,'跟往事干杯','拉维尔.斯宾塞(美)','远方','7-80595-281-7','艺术'),(949,'清宫艳小说系列:金轮劫','朴月(台湾)','岳麓书社','7-80520-810-7','文学'),(950,'商用二十五史丛书:北宋危机管理--一个问题公司的经营对策剖析','陈文德著','岳麓书社','7-80665-056-3','生物科学'),(951,'商用二十五史丛书:秦公司兴亡史--以经营观点剖析帝国七百年盛衰','陈文德著','岳麓书社','7-80665-055-5','生物科学'),(952,'午后休闲系列之二:太阳起床我也起床','-','岳麓书社','7-80665-338-4','航空航天'),(953,'卓越管理丛书:21世纪的管理','','云南大学','7-81068-389-6','天文学'),(954,'卓越管理丛书:创新时代--网络化时代的成功模式','','云南大学','7-81068-379-9','综合性图书'),(955,'卓越管理丛书:运营与变革管理--《财富》500强成功经典','','云南大学','7-81068-366-7','工业技术'),(956,'千秋生活书系:癌症康复生命四组合','赵昌峻','云南科技','7-5416-2048-3','政法'),(957,'千秋生活书系:孕产妈咪美容美体全计划','叶子','云南科技','7-5416-2047-5','综合性图书'),(958,'最新欧美别墅建筑实录','乐嘉龙','云南科技','7-5416-1977-9','艺术'),(959,'零距离-李响与米卢的心灵对话','李涛','知识','7-5015-3218-4','交通运输'),(960,'网络书系.网络社区研究资料丛书:破袜子','霜子','知识','7-5015-2705-9','艺术'),(961,'中国国有商业银行综合改革新论','余龙武','中国财政经济','7-5005-6429-5','军事'),(962,'Intranet ware 中文版组网技术','朱希宁','中国大地','7-80097-212-7','政法'),(963,'《自救年代》系列:大国寡民','卢跃刚','中国电影','7-106-01308-0','军事'),(964,'《信使》精华丛书:家庭今昔','','中国对外翻译','7-5001-0974-1','生物科学'),(965,'阿丽思镜中奇遇记(英汉对照)','刘易斯.卡罗尔(英)','中国对外翻译','7-5001-0243-7','航空航天'),(966,'八十年代美国名家中短篇小说丛书:(之六)安.贝蒂短篇小说集(英语注释读物)','安.贝蒂(美)','中国对外翻译','7-5001-0174-0','政法'),(967,'八十年代美国名家中短篇小说丛书:(之三)约翰.厄普代克短篇小说集(英语注释读物)','约翰.厄普代克(美)','中国对外翻译','7-5001-0171-6','工业技术'),(968,'八十年代美国名家中短篇小说丛书:(之五)唐纳德.巴塞尔姆短篇小说集(英语注释读物)','唐纳德.巴塞尔姆(美)','中国对外翻译','7-5001-0173-2','哲学'),(969,'俄汉外经外贸词典','','中国对外翻译','7-5001-0328-X','经济'),(970,'科学与人译丛.第一辑:超弦--一种包罗万象的理论','戴维斯(英)','中国对外翻译','7-5001-0259-3','军事'),(971,'科学与人译丛.第一辑:信息崇拜--计算机神话与真正的思维艺术','罗斯扎克(美)','中国对外翻译','7-5001-0281-X','军事'),(972,'美国的文学(上下)(英汉对照读物)','方杰','中国对外翻译','7-5001-0353-0','生物科学'),(973,'社会与人译丛:分道扬镳--离婚简史','菲利普斯(加拿大)','中国对外翻译','7-5001-0516-9','文学'),(974,'小孤女(英汉对照)','','中国对外翻译','7-5001-0395-6','经济'),(975,'养生箴言:历代名家养生诗欣赏','','中国对外翻译','7-5001-0370-0','航空航天'),(976,'银冰鞋(英汉对照读物)','道奇','中国对外翻译','7-5001-0456-1','自然科学总论'),(977,'英美文学精品详注丛书:浮士德博士(英文版)','','中国对外翻译','7-5001-0299-2','天文学'),(978,'英美文学精品详注丛书:化身博士(英文版)','史蒂文森(英)','中国对外翻译','7-5001-0316-6','综合性图书'),(979,'中国性文化:一个千年不解之结','郑思礼','中国对外翻译','7-5001-0225-9','天文学'),(980,'经济法论丛(第二卷)','','中国方正','7-80107-332-0','经济'),(981,'高中生必背古文名篇','','中国妇女','7-80131-482-4','军事'),(982,'0度酷小说:成长欲望','杨建业','中国工人','7-5008-2778-4','交通运输'),(983,'0度酷小说:上海毒药','把裔','中国工人','7-5008-3113-7','生物科学'),(984,'I服了you','王家新','中国工人','7-5008-3115-3','交通运输'),(985,'长篇纪实:大荒原','于艾平','中国工人','7-5008-2677-X','政法'),(986,'打工者纪实系列:搬到都市里的村庄','夏红','中国工人','7-5008-2721-0','交通运输'),(987,'底层实录:别随便喝别人的茶','殷智元','中国工人','7-5008-3031-9','综合性图书'),(988,'第一夫人自传系列:我嫁给阿位法特--苏哈.阿拉法特回忆录','高发明','中国工人','7-5008-2636-2','自然科学总论'),(989,'俄苏文学大师探真:飞翔的俄罗斯魂','辛越','中国工人','7-5008-3438-1','经济'),(990,'非常官司:反思牟其中现象','邵海松','中国工人','7-5008-2701-6','生物科学'),(991,'公民文本.公民阅读:高原大劫史','杨志军','中国工人','7-5008-3162-5','生物科学'),(992,'公民星座丛书:灵魂洞','陈川','中国工人','7-5008-2983-3','社会科学总论'),(993,'古道西风.小桥流水:朗月孤舟周庄','刘新平','中国工人','7-5008-3240-0','生物科学'),(994,'古道西风.小桥流水:水墨人家--南浔','徐晓杭','中国工人','7-5008-3241-9','历史'),(995,'观察丛书:以公民的名义','孙春龙','中国工人','7-5008-2974-4','历史'),(996,'海外漂泊者.精彩阅读:月过女墙','袁劲梅','中国工人','7-5008-3101-3','工业技术'),(997,'回望大师:世界纪实摄影十杰','夏雨','中国工人','7-5008-3470-5','交通运输'),(998,'回望大师:世界艺术摄影十杰','夏雨','中国工人','7-5008-3471-3','天文学'),(999,'嫁给比尔.盖茨--美琳达与比尔.盖茨幸福家庭的相处艺术','-','中国工人','7-5008-3310-5','经济'),(1000,'健康时尚女性9种生活模式','海云','中国工人','7-5008-3524-8','工业技术'),(1001,'金书架丛书:我的连队','石钟山','中国工人','7-5008-3220-6','政法'),(1002,'老经理系列丛书:老经理侃营销','吕进','中国工人','7-5008-3252-4','经济'),(1003,'李立三红色传奇(上下)','李思慎','中国工人','7-5008-3437-3','政法'),(1004,'两个上帝的忠诚仆人--一个老牌中国推销大王的职业传奇','邰勇夫','中国工人','7-5008-3515-9','天文学'),(1005,'漫画图书馆:智慧大补贴','温火慢','中国工人','7-5008-2769-5','生物科学'),(1006,'美丽成长丛书:当公主的感觉.最新彩图绘本','赵杰','中国工人','7-5008-3506-X','历史'),(1007,'美味美爱香港传奇:竟成酒楼','尚仑著','中国工人','7-5008-2738-5','航空航天'),(1008,'你要对谁负责--一个提升员工内在工作力的优秀理念','西迪','中国工人','7-5008-3523-X','历史'),(1009,'人之初书系.画里话外:我的幽默','扬生','中国工人','7-5008-3013-0','航空航天'),(1010,'人之初书系.画里话外:纸的生命','肖复兴','中国工人','7-5008-3096-3','哲学'),(1011,'人之初书系:人生漫记','赵大年','中国工人','7-5008-2932-9','艺术'),(1012,'善用一美元的价值:世界零售巨头的十条商业铁律','于圣洁(台)','中国工人','7-5008-3355-5','历史'),(1013,'天地人和生态文化散文书系:鸟天下','李森','中国工人','7-5008-3167-6','交通运输'),(1014,'天堂飘落的雪花','李晓风','中国工人','7-5008-3468-3','历史'),(1015,'危险游戏--典型犯罪案例评说','郭春孚等','中国工人','7-5008-3260-5','生物科学'),(1016,'未来战争丛书:零伤亡战争','李永','中国工人','7-5008-3127-7','自然科学总论'),(1017,'我和爸爸','徐静蕾','中国工人','7-5008-3231-1','政法'),(1018,'我能考高分--高分决胜宝典','胡适优','中国工人','7-5008-3477-2','经济'),(1019,'细化管理--在细节中求生存','宋红超','中国工人','7-5008-3393-8','天文学'),(1020,'新经典阅读.中英文对照:小公主--永世不衰的经典收藏','伯内特(美)','中国工人','7-5008-3350-4','交通运输'),(1021,'营销大策划机构.医药保健品系列:暴利的秘密--医药保健品营销兵法13章','何学林','中国工人','7-5008-3567-1','文学'),(1022,'优秀是这样教出来的','海涛','中国工人','7-5008-3520-5','生物科学'),(1023,'寓言中的管理智慧:一生要看的管理寓言--现代管理者必知的八法则','吕进','中国工人','7-5008-3248-6','航空航天'),(1024,'政府在就业工作中的职能定位','-','中国工人','7-5008-3270-2','政法'),(1025,'中国民间文本.民间记忆:亡命行迹','杨志军','中国工人','7-5008-2675-3','社会科学总论'),(1026,'中国民间文本.民间阅读:神骸','杨传珍','中国工人','7-5008-2649-4','政法'),(1027,'中国摄影报:光影漫步','李前光','中国工人','7-5008-3391-1','生物科学'),(1028,'中国摄影家丛书:解海龙','解海龙','中国工人','7-5008-3226-5','政法'),(1029,'中国摄影家丛书:林永惠','李媚','中国工人','7-5008-2823-3','经济'),(1030,'中国摄影家丛书:刘铮','李媚','中国工人','7-5008-2824-1','文学'),(1031,'中国摄影家丛书:阮义忠','阮义忠','中国工人','7-5008-3459-4','哲学'),(1032,'中国摄影家丛书:王征','王征','中国工人','7-5008-3460-8','生物科学'),(1033,'中国摄影家丛书:杨延康','杨延康','中国工人','7-5008-3456-X','航空航天'),(1034,'中国摄影家丛书:周海','周海','中国工人','7-5008-3225-7','生物科学'),(1035,'主动服从--全球最经典的成功励志范本.最完美的企业员工培训读本','蒋文平等','中国工人','7-5008-3363-6','哲学'),(1036,'宗庆后如是说:娃哈哈方法--入选哈佛案例的中国本土企业','高超','中国工人','7-5008-3405-5','军事'),(1037,'坐矮板登的天使','王家新','中国工人','7-5008-2819-5','哲学'),(1038,'安然电影随笔:我的自由式','安然','中国广播电视','7-5043-4611-X','自然科学总论'),(1039,'联想局--一家领袖企业的中国智慧','迟宇宙','中国广播电视','7-5043-4594-6','天文学'),(1040,'幽灵信箱','余以键','中国广播电视','7-5043-4868-6','航空航天'),(1041,'中国当代恐怖小说扛鼎之作:死者的眼睛','余以键','中国广播电视','7-5043-4465-6','政法'),(1042,'高强高性能混凝土研制及应用','','中国建材工业','7-80090-832-1','艺术'),(1043,'漂亮宝贝500(2):国际流行童装(0-12岁)','','中国建材工业','7-80090-814-3','历史'),(1044,'电视经济节目丛书:经济半小时98.3','','中国经济','7-5017-4314-2','航空航天'),(1045,'电视经济节目丛书:经济半小时98.5','','中国经济','7-5017-4316-9','历史'),(1046,'电视经济节目丛书:经济半小时98.7','','中国经济','7-5017-4501-3','军事'),(1047,'北京美食地理','','中国旅游','7-5032-2529-7','社会科学总论'),(1048,'藏羚羊自助游:中国路书','申敏等','中国旅游','7-5032-2501-7','文学'),(1049,'典藏中国.100个您一生必游的中国名景系列丛书:长江三峡','','中国旅游','7-5032-2075-9','天文学'),(1050,'黄宏电影','黄宏','中国旅游','7-5032-2409-6','哲学'),(1051,'走进迦南地','','中国旅游','7-5032-2055-4','军事'),(1052,'初三语文同步讲解与测试(下)','','中国青年','7-5006-5032-9','综合性图书'),(1053,'对话的神学--基督教文化学刊(第12辑.2004秋)','研究所','中国人民大学','7-300-04825-0','哲学'),(1054,'神学的公共性--基督教文化学刊(第11辑.2004春)','研究所','中国人民大学','7-300-05575-3','艺术'),(1055,'新生代学人文丛:荒原上的丁香--20世纪30年代北平前线诗人诗歌研究','张洁宇','中国人民大学','7-300-04724-6','综合性图书'),(1056,'刑法学案例','','中国人民公安大学','7-81059-174-6','生物科学'),(1057,'中国连锁经营年鉴(1990-2000)','《中国连锁经营年鉴》编委会编','中国商业','7-5044-4148-1','天文学'),(1058,'海淀名题.全析全解:高中地理','','中国少年儿童','7-5007-5133-8','历史'),(1059,'新发现--当代中国少年儿童报告','','中国少年儿童','7-5007-5014-5','自然科学总论'),(1060,'简明国际百科全书:简明西亚北非(中东)百科全书','赵国忠','中国社会科学','7-5004-2864-2','工业技术'),(1061,'企业图书馆:世界级企业22条策略','苏伟伦','中国社会科学','7-5004-3744-7','社会科学总论'),(1062,'全国高等教育自学考试指定教材辅导用书:领导科学','《领导科学》编委会编','中国社会科学','7-5004-2928-2','天文学'),(1063,'全国高等教育自学考试指定教材辅导用书:文学概论','齐大卫编','中国社会科学','7-5004-2974-6','生物科学'),(1064,'全国高等教育自学考试指定教材辅导用书:小学数学教学论','李玉华等著','中国社会科学','7-5004-2983-5','艺术'),(1065,'世界各国法律大典:美国法典.军事法卷(精)','','中国社会科学','7-5004-1278-9','交通运输'),(1066,'孙大午.为农民而生--一个农民企业家的努力与反思','雷滇 洪尘','中国社会科学','7-5004-4375-7','天文学'),(1067,'行者悟语.图文丛书:企鹅的请柬--全球首次人文学者南极行','阿正','中国社会科学','7-5004-4045-6','军事'),(1068,'有关性命.凡人画传:你好孩子.爱与被爱的故事--中国最优秀的图片故事','曾璜','中国社会科学','7-5004-4488-5','生物科学'),(1069,'有关性命.凡人画传:中国农民肖像.九亿人的故事--中国最优秀的图片故事','曾璜','中国社会科学','7-5004-4487-7','军事'),(1070,'中国城市发展问题报告','傅崇兰等著','中国社会科学','7-5004-3628-9','交通运输'),(1071,'中国国家战略问题报告','陈立等编著','中国社会科学','7-5004-3533-9','综合性图书'),(1072,'中国流通产业发展报告(2000-2003)','高铁生等','中国社会科学','7-5004-4294-7','自然科学总论'),(1073,'中国流通产业发展报告(2000-2003)','高铁生等','中国社会科学','7-5004-4294-7','艺术'),(1074,'书名','作者','出版社','ISBN','类别'),(1075,'test','test','test','test','test');
/*!40000 ALTER TABLE `booklist` ENABLE KEYS */;
UNLOCK TABLES;

--
-- Table structure for table `books`
--

DROP TABLE IF EXISTS `books`;
/*!40101 SET @saved_cs_client     = @@character_set_client */;
/*!40101 SET character_set_client = utf8 */;
CREATE TABLE `books` (
  `Book_id` int(11) NOT NULL,
  `borrowed` tinyint(4) DEFAULT NULL,
  `borrower_id` int(11) DEFAULT NULL,
  `renewed` tinyint(4) DEFAULT NULL,
  `borrow_time` varchar(20) DEFAULT NULL,
  `return_time` varchar(20) DEFAULT NULL,
  `remind_time` varchar(20) DEFAULT NULL,
  `request` tinyint(4) DEFAULT NULL,
  `requester_id` int(11) DEFAULT NULL,
  PRIMARY KEY (`Book_id`)
) ENGINE=InnoDB DEFAULT CHARSET=utf8;
/*!40101 SET character_set_client = @saved_cs_client */;

--
-- Dumping data for table `books`
--

LOCK TABLES `books` WRITE;
/*!40000 ALTER TABLE `books` DISABLE KEYS */;
/*!40000 ALTER TABLE `books` ENABLE KEYS */;
UNLOCK TABLES;

--
-- Table structure for table `borrowrecord`
--

DROP TABLE IF EXISTS `borrowrecord`;
/*!40101 SET @saved_cs_client     = @@character_set_client */;
/*!40101 SET character_set_client = utf8 */;
CREATE TABLE `borrowrecord` (
  `User_id` int(11) NOT NULL,
  `Book_id` int(11) NOT NULL,
  `Booktype` varchar(20) DEFAULT NULL,
  PRIMARY KEY (`User_id`,`Book_id`)
) ENGINE=InnoDB DEFAULT CHARSET=utf8;
/*!40101 SET character_set_client = @saved_cs_client */;

--
-- Dumping data for table `borrowrecord`
--

LOCK TABLES `borrowrecord` WRITE;
/*!40000 ALTER TABLE `borrowrecord` DISABLE KEYS */;
INSERT INTO `borrowrecord` VALUES (0,208,'综合性图书'),(0,217,'交通运输'),(0,227,'文学'),(0,243,'综合性图书'),(0,245,'自然科学总论'),(0,249,'工业技术'),(0,253,'生物科学'),(0,284,'经济'),(0,296,'文学'),(0,306,'综合性图书'),(0,308,'社会科学总论'),(0,309,'经济'),(0,315,'综合性图书'),(0,321,'社会科学总论'),(0,326,'政法'),(0,336,'军事'),(0,362,'艺术'),(0,365,'历史'),(0,381,'政法'),(0,400,'政法'),(0,405,'社会科学总论'),(0,409,'政法'),(0,422,'社会科学总论'),(0,433,'生物科学'),(0,438,'社会科学总论'),(0,439,'天文学'),(0,443,'政法'),(0,445,'生物科学'),(0,454,'哲学'),(0,458,'哲学'),(0,480,'艺术'),(0,483,'天文学'),(0,498,'航空航天'),(0,501,'经济'),(0,504,'军事'),(0,508,'工业技术'),(0,518,'社会科学总论'),(0,546,'综合性图书'),(0,550,'交通运输'),(0,553,'经济'),(0,558,'综合性图书'),(0,565,'综合性图书'),(0,568,'自然科学总论'),(0,569,'军事'),(0,570,'经济'),(0,594,'综合性图书'),(0,598,'艺术'),(0,599,'天文学'),(0,603,'交通运输'),(0,604,'社会科学总论'),(0,607,'艺术'),(0,609,'文学'),(0,610,'航空航天'),(0,612,'哲学'),(0,616,'工业技术'),(0,618,'航空航天'),(0,622,'艺术'),(0,628,'历史'),(0,651,'天文学'),(0,654,'政法'),(0,659,'生物科学'),(0,668,'艺术'),(0,669,'工业技术'),(0,678,'天文学'),(0,690,'经济'),(0,692,'天文学'),(0,697,'天文学'),(0,698,'社会科学总论'),(0,713,'军事'),(0,717,'政法'),(0,718,'自然科学总论'),(0,720,'自然科学总论'),(0,747,'交通运输'),(0,748,'艺术'),(0,752,'天文学'),(0,755,'哲学'),(0,756,'工业技术'),(0,767,'自然科学总论'),(0,772,'天文学'),(0,777,'文学'),(0,778,'工业技术'),(0,780,'社会科学总论'),(0,792,'自然科学总论'),(0,799,'政法'),(0,808,'哲学'),(0,810,'经济'),(0,826,'社会科学总论'),(0,831,'生物科学'),(0,832,'生物科学'),(0,838,'天文学'),(0,842,'历史'),(0,847,'生物科学'),(0,872,'政法'),(0,873,'文学'),(0,874,'文学'),(0,876,'生物科学'),(0,881,'经济'),(0,897,'航空航天'),(0,898,'生物科学'),(0,900,'交通运输'),(0,924,'文学'),(0,926,'航空航天'),(0,935,'社会科学总论'),(0,937,'工业技术'),(0,939,'航空航天'),(0,940,'社会科学总论'),(0,941,'自然科学总论'),(0,956,'政法'),(0,961,'军事'),(0,966,'政法'),(0,978,'综合性图书'),(0,991,'生物科学'),(0,995,'历史'),(0,1000,'工业技术'),(0,1001,'政法'),(0,1010,'哲学'),(0,1012,'历史'),(0,1028,'政法'),(0,1039,'天文学'),(0,1046,'军事'),(0,1053,'哲学'),(0,1056,'生物科学'),(1,216,'自然科学总论'),(1,218,'社会科学总论'),(1,224,'交通运输'),(1,225,'政法'),(1,245,'自然科学总论'),(1,249,'工业技术'),(1,250,'文学'),(1,257,'艺术'),(1,274,'自然科学总论'),(1,279,'工业技术'),(1,292,'自然科学总论'),(1,295,'军事'),(1,296,'文学'),(1,297,'文学'),(1,305,'自然科学总论'),(1,313,'航空航天'),(1,326,'政法'),(1,335,'哲学'),(1,339,'航空航天'),(1,342,'哲学'),(1,355,'社会科学总论'),(1,358,'生物科学'),(1,361,'自然科学总论'),(1,366,'政法'),(1,367,'工业技术'),(1,369,'社会科学总论'),(1,378,'经济'),(1,379,'天文学'),(1,382,'军事'),(1,403,'社会科学总论'),(1,405,'社会科学总论'),(1,406,'天文学'),(1,410,'军事'),(1,412,'历史'),(1,415,'自然科学总论'),(1,421,'天文学'),(1,425,'交通运输'),(1,428,'综合性图书'),(1,432,'天文学'),(1,434,'政法'),(1,438,'社会科学总论'),(1,460,'军事'),(1,461,'航空航天'),(1,482,'哲学'),(1,490,'航空航天'),(1,493,'哲学'),(1,501,'经济'),(1,502,'工业技术'),(1,506,'经济'),(1,514,'艺术'),(1,524,'生物科学'),(1,526,'天文学'),(1,528,'哲学'),(1,532,'生物科学'),(1,544,'生物科学'),(1,550,'交通运输'),(1,558,'综合性图书'),(1,561,'艺术'),(1,565,'综合性图书'),(1,572,'艺术'),(1,573,'航空航天'),(1,592,'航空航天'),(1,613,'哲学'),(1,620,'自然科学总论'),(1,627,'经济'),(1,633,'工业技术'),(1,636,'工业技术'),(1,651,'天文学'),(1,671,'综合性图书'),(1,678,'天文学'),(1,681,'自然科学总论'),(1,684,'综合性图书'),(1,692,'天文学'),(1,693,'社会科学总论'),(1,694,'交通运输'),(1,695,'政法'),(1,702,'交通运输'),(1,706,'生物科学'),(1,710,'艺术'),(1,711,'经济'),(1,713,'军事'),(1,719,'艺术'),(1,727,'综合性图书'),(1,733,'航空航天'),(1,735,'自然科学总论'),(1,737,'天文学'),(1,755,'哲学'),(1,758,'历史'),(1,764,'文学'),(1,768,'经济'),(1,772,'天文学'),(1,782,'文学'),(1,784,'哲学'),(1,789,'哲学'),(1,790,'艺术'),(1,801,'工业技术'),(1,818,'综合性图书'),(1,820,'社会科学总论'),(1,837,'社会科学总论'),(1,840,'历史'),(1,842,'历史'),(1,843,'综合性图书'),(1,864,'政法'),(1,867,'历史'),(1,876,'生物科学'),(1,877,'综合性图书'),(1,888,'文学'),(1,905,'自然科学总论'),(1,906,'哲学'),(1,926,'航空航天'),(1,929,'历史'),(1,930,'艺术'),(1,931,'政法'),(1,933,'社会科学总论'),(1,944,'天文学'),(1,945,'历史'),(1,949,'文学'),(1,959,'交通运输'),(1,986,'交通运输'),(1,987,'综合性图书'),(1,995,'历史'),(1,1004,'天文学'),(1,1013,'交通运输'),(1,1014,'历史'),(1,1015,'生物科学'),(1,1016,'自然科学总论'),(1,1017,'政法'),(1,1026,'政法'),(1,1030,'文学'),(1,1036,'军事'),(1,1068,'生物科学'),(1,1074,'类别'),(2,208,'综合性图书'),(2,209,'哲学'),(2,215,'自然科学总论'),(2,222,'天文学'),(2,226,'哲学'),(2,233,'哲学'),(2,238,'政法'),(2,239,'哲学'),(2,244,'社会科学总论'),(2,268,'哲学'),(2,272,'历史'),(2,293,'哲学'),(2,307,'历史'),(2,314,'交通运输'),(2,322,'航空航天'),(2,324,'工业技术'),(2,325,'文学'),(2,327,'艺术'),(2,333,'工业技术'),(2,339,'航空航天'),(2,340,'工业技术'),(2,345,'交通运输'),(2,357,'军事'),(2,359,'艺术'),(2,366,'政法'),(2,378,'经济'),(2,379,'天文学'),(2,380,'哲学'),(2,386,'自然科学总论'),(2,388,'自然科学总论'),(2,393,'文学'),(2,417,'艺术'),(2,419,'哲学'),(2,422,'社会科学总论'),(2,428,'综合性图书'),(2,438,'社会科学总论'),(2,448,'交通运输'),(2,456,'历史'),(2,460,'军事'),(2,465,'自然科学总论'),(2,467,'艺术'),(2,470,'军事'),(2,471,'交通运输'),(2,473,'艺术'),(2,479,'军事'),(2,482,'哲学'),(2,486,'天文学'),(2,494,'航空航天'),(2,498,'航空航天'),(2,503,'政法'),(2,506,'经济'),(2,524,'生物科学'),(2,527,'政法'),(2,529,'哲学'),(2,533,'天文学'),(2,547,'军事'),(2,557,'政法'),(2,566,'生物科学'),(2,567,'哲学'),(2,588,'天文学'),(2,590,'工业技术'),(2,591,'交通运输'),(2,592,'航空航天'),(2,597,'历史'),(2,598,'艺术'),(2,606,'文学'),(2,632,'军事'),(2,634,'历史'),(2,642,'艺术'),(2,644,'艺术'),(2,651,'天文学'),(2,655,'综合性图书'),(2,666,'经济'),(2,668,'艺术'),(2,683,'历史'),(2,684,'综合性图书'),(2,688,'社会科学总论'),(2,690,'经济'),(2,691,'天文学'),(2,720,'自然科学总论'),(2,721,'哲学'),(2,740,'综合性图书'),(2,742,'军事'),(2,754,'历史'),(2,763,'政法'),(2,764,'文学'),(2,768,'经济'),(2,772,'天文学'),(2,779,'历史'),(2,783,'哲学'),(2,785,'生物科学'),(2,791,'生物科学'),(2,802,'交通运输'),(2,804,'哲学'),(2,816,'艺术'),(2,823,'艺术'),(2,829,'自然科学总论'),(2,837,'社会科学总论'),(2,853,'军事'),(2,857,'社会科学总论'),(2,862,'交通运输'),(2,865,'生物科学'),(2,870,'交通运输'),(2,872,'政法'),(2,878,'哲学'),(2,882,'哲学'),(2,883,'交通运输'),(2,884,'交通运输'),(2,886,'天文学'),(2,892,'航空航天'),(2,894,'文学'),(2,895,'艺术'),(2,896,'军事'),(2,907,'艺术'),(2,912,'文学'),(2,922,'政法'),(2,925,'哲学'),(2,926,'航空航天'),(2,941,'自然科学总论'),(2,942,'交通运输'),(2,944,'天文学'),(2,951,'生物科学'),(2,954,'综合性图书'),(2,956,'政法'),(2,970,'军事'),(2,972,'生物科学'),(2,975,'航空航天'),(2,976,'自然科学总论'),(2,979,'天文学'),(2,984,'交通运输'),(2,987,'综合性图书'),(2,993,'生物科学'),(2,998,'天文学'),(2,1001,'政法'),(2,1013,'交通运输'),(2,1014,'历史'),(2,1015,'生物科学'),(2,1021,'文学'),(2,1023,'航空航天'),(2,1029,'经济'),(2,1037,'哲学'),(2,1068,'生物科学'),(2,1072,'自然科学总论'),(3,210,'政法'),(3,212,'工业技术'),(3,221,'历史'),(3,222,'天文学'),(3,223,'历史'),(3,235,'文学'),(3,250,'文学'),(3,253,'生物科学'),(3,258,'航空航天'),(3,265,'综合性图书'),(3,282,'天文学'),(3,283,'天文学'),(3,294,'经济'),(3,310,'天文学'),(3,312,'艺术'),(3,324,'工业技术'),(3,326,'政法'),(3,347,'生物科学'),(3,366,'政法'),(3,368,'哲学'),(3,385,'工业技术'),(3,386,'自然科学总论'),(3,387,'自然科学总论'),(3,401,'生物科学'),(3,414,'交通运输'),(3,419,'哲学'),(3,422,'社会科学总论'),(3,430,'交通运输'),(3,435,'自然科学总论'),(3,447,'生物科学'),(3,448,'交通运输'),(3,452,'艺术'),(3,463,'军事'),(3,465,'自然科学总论'),(3,473,'艺术'),(3,494,'航空航天'),(3,499,'综合性图书'),(3,503,'政法'),(3,505,'自然科学总论'),(3,508,'工业技术'),(3,510,'政法'),(3,520,'军事'),(3,522,'生物科学'),(3,524,'生物科学'),(3,525,'工业技术'),(3,526,'天文学'),(3,530,'工业技术'),(3,531,'艺术'),(3,550,'交通运输'),(3,553,'经济'),(3,559,'综合性图书'),(3,571,'文学'),(3,572,'艺术'),(3,574,'生物科学'),(3,575,'经济'),(3,578,'工业技术'),(3,579,'自然科学总论'),(3,581,'经济'),(3,586,'交通运输'),(3,596,'文学'),(3,598,'艺术'),(3,599,'天文学'),(3,601,'文学'),(3,610,'航空航天'),(3,611,'政法'),(3,614,'政法'),(3,616,'工业技术'),(3,619,'哲学'),(3,642,'艺术'),(3,649,'政法'),(3,658,'天文学'),(3,660,'哲学'),(3,664,'艺术'),(3,666,'经济'),(3,667,'生物科学'),(3,669,'工业技术'),(3,670,'艺术'),(3,671,'综合性图书'),(3,684,'综合性图书'),(3,690,'经济'),(3,694,'交通运输'),(3,698,'社会科学总论'),(3,700,'经济'),(3,701,'经济'),(3,711,'经济'),(3,726,'社会科学总论'),(3,732,'天文学'),(3,735,'自然科学总论'),(3,766,'艺术'),(3,768,'经济'),(3,773,'政法'),(3,781,'工业技术'),(3,782,'文学'),(3,784,'哲学'),(3,785,'生物科学'),(3,792,'自然科学总论'),(3,806,'综合性图书'),(3,814,'工业技术'),(3,817,'文学'),(3,818,'综合性图书'),(3,822,'政法'),(3,824,'工业技术'),(3,834,'交通运输'),(3,843,'综合性图书'),(3,856,'经济'),(3,859,'天文学'),(3,861,'综合性图书'),(3,873,'文学'),(3,880,'军事'),(3,881,'经济'),(3,897,'航空航天'),(3,900,'交通运输'),(3,901,'艺术'),(3,910,'生物科学'),(3,912,'文学'),(3,930,'艺术'),(3,933,'社会科学总论'),(3,936,'艺术'),(3,952,'航空航天'),(3,955,'工业技术'),(3,959,'交通运输'),(3,986,'交通运输'),(3,992,'社会科学总论'),(3,993,'生物科学'),(3,996,'工业技术'),(3,999,'经济'),(3,1007,'航空航天'),(3,1008,'历史'),(3,1011,'艺术'),(3,1012,'历史'),(3,1013,'交通运输'),(3,1016,'自然科学总论'),(3,1020,'交通运输'),(3,1028,'政法'),(3,1029,'经济'),(3,1044,'航空航天'),(3,1045,'历史'),(3,1047,'社会科学总论'),(3,1053,'哲学'),(3,1055,'综合性图书'),(3,1067,'军事'),(3,1068,'生物科学'),(3,1070,'交通运输'),(4,228,'军事'),(4,233,'哲学'),(4,244,'社会科学总论'),(4,249,'工业技术'),(4,252,'工业技术'),(4,255,'经济'),(4,259,'经济'),(4,262,'历史'),(4,265,'综合性图书'),(4,275,'生物科学'),(4,288,'军事'),(4,296,'文学'),(4,325,'文学'),(4,332,'工业技术'),(4,334,'哲学'),(4,341,'军事'),(4,363,'军事'),(4,379,'天文学'),(4,380,'哲学'),(4,385,'工业技术'),(4,394,'历史'),(4,413,'军事'),(4,420,'历史'),(4,421,'天文学'),(4,422,'社会科学总论'),(4,424,'文学'),(4,429,'航空航天'),(4,430,'交通运输'),(4,434,'政法'),(4,435,'自然科学总论'),(4,450,'经济'),(4,453,'综合性图书'),(4,460,'军事'),(4,461,'航空航天'),(4,464,'天文学'),(4,465,'自然科学总论'),(4,466,'哲学'),(4,468,'军事'),(4,485,'综合性图书'),(4,496,'航空航天'),(4,499,'综合性图书'),(4,500,'天文学'),(4,501,'经济'),(4,506,'经济'),(4,529,'哲学'),(4,534,'文学'),(4,535,'军事'),(4,536,'历史'),(4,549,'交通运输'),(4,557,'政法'),(4,565,'综合性图书'),(4,566,'生物科学'),(4,574,'生物科学'),(4,580,'社会科学总论'),(4,584,'交通运输'),(4,591,'交通运输'),(4,607,'艺术'),(4,612,'哲学'),(4,615,'生物科学'),(4,620,'自然科学总论'),(4,624,'文学'),(4,629,'哲学'),(4,642,'艺术'),(4,643,'艺术'),(4,648,'历史'),(4,654,'政法'),(4,660,'哲学'),(4,674,'军事'),(4,677,'艺术'),(4,682,'交通运输'),(4,684,'综合性图书'),(4,689,'综合性图书'),(4,697,'天文学'),(4,698,'社会科学总论'),(4,700,'经济'),(4,701,'经济'),(4,753,'航空航天'),(4,755,'哲学'),(4,757,'综合性图书'),(4,758,'历史'),(4,764,'文学'),(4,765,'综合性图书'),(4,768,'经济'),(4,770,'哲学'),(4,771,'社会科学总论'),(4,772,'天文学'),(4,837,'社会科学总论'),(4,843,'综合性图书'),(4,859,'天文学'),(4,874,'文学'),(4,877,'综合性图书'),(4,886,'天文学'),(4,903,'文学'),(4,904,'天文学'),(4,908,'艺术'),(4,915,'军事'),(4,932,'政法'),(4,933,'社会科学总论'),(4,937,'工业技术'),(4,964,'生物科学'),(4,973,'文学'),(4,979,'天文学'),(4,985,'政法'),(4,986,'交通运输'),(4,990,'生物科学'),(4,992,'社会科学总论'),(4,1021,'文学'),(4,1026,'政法'),(4,1028,'政法'),(4,1040,'航空航天'),(4,1048,'文学'),(4,1049,'天文学'),(4,1060,'工业技术'),(4,1068,'生物科学'),(4,1070,'交通运输'),(4,1072,'自然科学总论'),(5,214,'工业技术'),(5,224,'交通运输'),(5,238,'政法'),(5,239,'哲学'),(5,252,'工业技术'),(5,253,'生物科学'),(5,256,'哲学'),(5,259,'经济'),(5,261,'军事'),(5,265,'综合性图书'),(5,266,'天文学'),(5,267,'艺术'),(5,268,'哲学'),(5,276,'政法'),(5,281,'航空航天'),(5,290,'社会科学总论'),(5,294,'经济'),(5,299,'生物科学'),(5,300,'哲学'),(5,308,'社会科学总论'),(5,312,'艺术'),(5,316,'经济'),(5,329,'哲学'),(5,351,'航空航天'),(5,355,'社会科学总论'),(5,375,'工业技术'),(5,380,'哲学'),(5,387,'自然科学总论'),(5,389,'交通运输'),(5,438,'社会科学总论'),(5,442,'军事'),(5,444,'天文学'),(5,446,'自然科学总论'),(5,459,'航空航天'),(5,463,'军事'),(5,468,'军事'),(5,485,'综合性图书'),(5,511,'天文学'),(5,522,'生物科学'),(5,537,'艺术'),(5,540,'艺术'),(5,545,'军事'),(5,554,'天文学'),(5,564,'社会科学总论'),(5,573,'航空航天'),(5,589,'自然科学总论'),(5,598,'艺术'),(5,603,'交通运输'),(5,611,'政法'),(5,628,'历史'),(5,632,'军事'),(5,634,'历史'),(5,642,'艺术'),(5,650,'军事'),(5,653,'自然科学总论'),(5,662,'综合性图书'),(5,665,'政法'),(5,667,'生物科学'),(5,668,'艺术'),(5,673,'综合性图书'),(5,682,'交通运输'),(5,688,'社会科学总论'),(5,693,'社会科学总论'),(5,707,'政法'),(5,709,'文学'),(5,715,'工业技术'),(5,716,'军事'),(5,721,'哲学'),(5,726,'社会科学总论'),(5,727,'综合性图书'),(5,728,'社会科学总论'),(5,730,'交通运输'),(5,733,'航空航天'),(5,734,'军事'),(5,735,'自然科学总论'),(5,738,'航空航天'),(5,743,'天文学'),(5,745,'生物科学'),(5,751,'军事'),(5,754,'历史'),(5,768,'经济'),(5,770,'哲学'),(5,808,'哲学'),(5,816,'艺术'),(5,821,'历史'),(5,831,'生物科学'),(5,832,'生物科学'),(5,835,'航空航天'),(5,842,'历史'),(5,861,'综合性图书'),(5,866,'生物科学'),(5,870,'交通运输'),(5,874,'文学'),(5,879,'综合性图书'),(5,882,'哲学'),(5,886,'天文学'),(5,890,'哲学'),(5,904,'天文学'),(5,908,'艺术'),(5,914,'艺术'),(5,915,'军事'),(5,916,'艺术'),(5,919,'经济'),(5,924,'文学'),(5,938,'艺术'),(5,959,'交通运输'),(5,960,'艺术'),(5,967,'工业技术'),(5,968,'哲学'),(5,971,'军事'),(5,977,'天文学'),(5,992,'社会科学总论'),(5,1006,'历史'),(5,1013,'交通运输'),(5,1014,'历史'),(5,1021,'文学'),(5,1032,'生物科学'),(5,1039,'天文学'),(5,1043,'历史'),(5,1045,'历史'),(5,1047,'社会科学总论'),(5,1055,'综合性图书'),(5,1059,'自然科学总论'),(5,1062,'天文学'),(5,1071,'综合性图书'),(5,1074,'类别'),(6,209,'哲学'),(6,213,'生物科学'),(6,220,'艺术'),(6,222,'天文学'),(6,226,'哲学'),(6,233,'哲学'),(6,240,'社会科学总论'),(6,262,'历史'),(6,271,'经济'),(6,273,'航空航天'),(6,282,'天文学'),(6,300,'哲学'),(6,305,'自然科学总论'),(6,312,'艺术'),(6,317,'哲学'),(6,319,'艺术'),(6,329,'哲学'),(6,341,'军事'),(6,350,'文学'),(6,362,'艺术'),(6,363,'军事'),(6,366,'政法'),(6,368,'哲学'),(6,373,'历史'),(6,386,'自然科学总论'),(6,392,'社会科学总论'),(6,393,'文学'),(6,400,'政法'),(6,406,'天文学'),(6,409,'政法'),(6,420,'历史'),(6,423,'社会科学总论'),(6,436,'艺术'),(6,443,'政法'),(6,451,'工业技术'),(6,454,'哲学'),(6,459,'航空航天'),(6,462,'经济'),(6,474,'自然科学总论'),(6,476,'文学'),(6,477,'艺术'),(6,491,'文学'),(6,495,'哲学'),(6,496,'航空航天'),(6,498,'航空航天'),(6,511,'天文学'),(6,516,'航空航天'),(6,520,'军事'),(6,531,'艺术'),(6,538,'经济'),(6,558,'综合性图书'),(6,559,'综合性图书'),(6,561,'艺术'),(6,565,'综合性图书'),(6,576,'交通运输'),(6,588,'天文学'),(6,605,'工业技术'),(6,608,'社会科学总论'),(6,610,'航空航天'),(6,622,'艺术'),(6,623,'天文学'),(6,632,'军事'),(6,635,'自然科学总论'),(6,646,'历史'),(6,647,'自然科学总论'),(6,651,'天文学'),(6,654,'政法'),(6,667,'生物科学'),(6,668,'艺术'),(6,671,'综合性图书'),(6,676,'交通运输'),(6,677,'艺术'),(6,689,'综合性图书'),(6,699,'自然科学总论'),(6,702,'交通运输'),(6,707,'政法'),(6,714,'文学'),(6,719,'艺术'),(6,726,'社会科学总论'),(6,728,'社会科学总论'),(6,739,'经济'),(6,740,'综合性图书'),(6,746,'天文学'),(6,751,'军事'),(6,762,'自然科学总论'),(6,766,'艺术'),(6,769,'社会科学总论'),(6,773,'政法'),(6,785,'生物科学'),(6,795,'文学'),(6,797,'哲学'),(6,803,'工业技术'),(6,809,'工业技术'),(6,814,'工业技术'),(6,817,'文学'),(6,828,'历史'),(6,834,'交通运输'),(6,846,'工业技术'),(6,851,'历史'),(6,856,'经济'),(6,869,'生物科学'),(6,872,'政法'),(6,876,'生物科学'),(6,877,'综合性图书'),(6,895,'艺术'),(6,902,'航空航天'),(6,907,'艺术'),(6,923,'综合性图书'),(6,926,'航空航天'),(6,929,'历史'),(6,934,'生物科学'),(6,947,'自然科学总论'),(6,948,'艺术'),(6,965,'航空航天'),(6,972,'生物科学'),(6,973,'文学'),(6,978,'综合性图书'),(6,983,'生物科学'),(6,1001,'政法'),(6,1005,'生物科学'),(6,1007,'航空航天'),(6,1016,'自然科学总论'),(6,1031,'哲学'),(6,1032,'生物科学'),(6,1035,'哲学'),(6,1037,'哲学'),(6,1040,'航空航天'),(6,1049,'天文学'),(6,1058,'历史'),(6,1060,'工业技术'),(6,1065,'交通运输'),(6,1074,'类别'),(7,212,'工业技术'),(7,236,'哲学'),(7,238,'政法'),(7,240,'社会科学总论'),(7,243,'综合性图书'),(7,246,'艺术'),(7,257,'艺术'),(7,273,'航空航天'),(7,274,'自然科学总论'),(7,280,'艺术'),(7,290,'社会科学总论'),(7,295,'军事'),(7,299,'生物科学'),(7,313,'航空航天'),(7,321,'社会科学总论'),(7,335,'哲学'),(7,344,'军事'),(7,354,'自然科学总论'),(7,357,'军事'),(7,359,'艺术'),(7,360,'艺术'),(7,365,'历史'),(7,371,'军事'),(7,373,'历史'),(7,374,'政法'),(7,379,'天文学'),(7,387,'自然科学总论'),(7,388,'自然科学总论'),(7,390,'工业技术'),(7,394,'历史'),(7,396,'自然科学总论'),(7,405,'社会科学总论'),(7,412,'历史'),(7,416,'历史'),(7,420,'历史'),(7,423,'社会科学总论'),(7,432,'天文学'),(7,433,'生物科学'),(7,445,'生物科学'),(7,452,'艺术'),(7,457,'艺术'),(7,459,'航空航天'),(7,470,'军事'),(7,472,'交通运输'),(7,474,'自然科学总论'),(7,480,'艺术'),(7,486,'天文学'),(7,487,'交通运输'),(7,488,'工业技术'),(7,500,'天文学'),(7,516,'航空航天'),(7,522,'生物科学'),(7,524,'生物科学'),(7,529,'哲学'),(7,533,'天文学'),(7,554,'天文学'),(7,556,'社会科学总论'),(7,559,'综合性图书'),(7,572,'艺术'),(7,582,'艺术'),(7,583,'哲学'),(7,592,'航空航天'),(7,597,'历史'),(7,604,'社会科学总论'),(7,610,'航空航天'),(7,617,'历史'),(7,627,'经济'),(7,630,'自然科学总论'),(7,635,'自然科学总论'),(7,636,'工业技术'),(7,641,'哲学'),(7,656,'交通运输'),(7,657,'生物科学'),(7,664,'艺术'),(7,674,'军事'),(7,675,'工业技术'),(7,685,'哲学'),(7,686,'工业技术'),(7,687,'社会科学总论'),(7,690,'经济'),(7,691,'天文学'),(7,695,'政法'),(7,704,'社会科学总论'),(7,706,'生物科学'),(7,712,'历史'),(7,715,'工业技术'),(7,746,'天文学'),(7,751,'军事'),(7,761,'政法'),(7,769,'社会科学总论'),(7,776,'哲学'),(7,784,'哲学'),(7,791,'生物科学'),(7,794,'自然科学总论'),(7,798,'哲学'),(7,808,'哲学'),(7,809,'工业技术'),(7,814,'工业技术'),(7,818,'综合性图书'),(7,838,'天文学'),(7,839,'航空航天'),(7,843,'综合性图书'),(7,844,'历史'),(7,848,'工业技术'),(7,850,'综合性图书'),(7,857,'社会科学总论'),(7,858,'航空航天'),(7,866,'生物科学'),(7,873,'文学'),(7,881,'经济'),(7,884,'交通运输'),(7,893,'政法'),(7,899,'天文学'),(7,914,'艺术'),(7,918,'航空航天'),(7,928,'政法'),(7,942,'交通运输'),(7,954,'综合性图书'),(7,957,'综合性图书'),(7,962,'政法'),(7,968,'哲学'),(7,976,'自然科学总论'),(7,984,'交通运输'),(7,987,'综合性图书'),(7,989,'经济'),(7,994,'历史'),(7,1000,'工业技术'),(7,1009,'航空航天'),(7,1012,'历史'),(7,1025,'社会科学总论'),(7,1026,'政法'),(7,1037,'哲学'),(7,1039,'天文学'),(7,1048,'文学'),(7,1050,'哲学'),(7,1056,'生物科学'),(7,1058,'历史'),(7,1064,'艺术'),(7,1066,'天文学'),(7,1074,'类别'),(8,208,'综合性图书'),(8,213,'生物科学'),(8,214,'工业技术'),(8,215,'自然科学总论'),(8,216,'自然科学总论'),(8,220,'艺术'),(8,225,'政法'),(8,229,'艺术'),(8,232,'军事'),(8,233,'哲学'),(8,245,'自然科学总论'),(8,248,'艺术'),(8,252,'工业技术'),(8,257,'艺术'),(8,273,'航空航天'),(8,283,'天文学'),(8,286,'生物科学'),(8,296,'文学'),(8,299,'生物科学'),(8,301,'哲学'),(8,307,'历史'),(8,308,'社会科学总论'),(8,318,'航空航天'),(8,326,'政法'),(8,330,'军事'),(8,335,'哲学'),(8,336,'军事'),(8,337,'自然科学总论'),(8,339,'航空航天'),(8,340,'工业技术'),(8,345,'交通运输'),(8,353,'生物科学'),(8,357,'军事'),(8,360,'艺术'),(8,364,'经济'),(8,375,'工业技术'),(8,386,'自然科学总论'),(8,390,'工业技术'),(8,423,'社会科学总论'),(8,424,'文学'),(8,434,'政法'),(8,438,'社会科学总论'),(8,439,'天文学'),(8,443,'政法'),(8,449,'政法'),(8,455,'哲学'),(8,457,'艺术'),(8,466,'哲学'),(8,473,'艺术'),(8,475,'综合性图书'),(8,477,'艺术'),(8,485,'综合性图书'),(8,488,'工业技术'),(8,495,'哲学'),(8,502,'工业技术'),(8,508,'工业技术'),(8,515,'天文学'),(8,525,'工业技术'),(8,529,'哲学'),(8,541,'生物科学'),(8,563,'生物科学'),(8,564,'社会科学总论'),(8,565,'综合性图书'),(8,566,'生物科学'),(8,570,'经济'),(8,584,'交通运输'),(8,585,'工业技术'),(8,592,'航空航天'),(8,593,'社会科学总论'),(8,614,'政法'),(8,621,'航空航天'),(8,638,'历史'),(8,646,'历史'),(8,647,'自然科学总论'),(8,655,'综合性图书'),(8,669,'工业技术'),(8,671,'综合性图书'),(8,682,'交通运输'),(8,688,'社会科学总论'),(8,689,'综合性图书'),(8,698,'社会科学总论'),(8,700,'经济'),(8,704,'社会科学总论'),(8,707,'政法'),(8,709,'文学'),(8,724,'工业技术'),(8,729,'经济'),(8,731,'综合性图书'),(8,741,'哲学'),(8,757,'综合性图书'),(8,761,'政法'),(8,783,'哲学'),(8,786,'历史'),(8,789,'哲学'),(8,792,'自然科学总论'),(8,797,'哲学'),(8,798,'哲学'),(8,801,'工业技术'),(8,808,'哲学'),(8,817,'文学'),(8,822,'政法'),(8,825,'文学'),(8,827,'艺术'),(8,839,'航空航天'),(8,845,'自然科学总论'),(8,851,'历史'),(8,858,'航空航天'),(8,877,'综合性图书'),(8,879,'综合性图书'),(8,882,'哲学'),(8,884,'交通运输'),(8,888,'文学'),(8,895,'艺术'),(8,896,'军事'),(8,900,'交通运输'),(8,902,'航空航天'),(8,906,'哲学'),(8,920,'历史'),(8,921,'经济'),(8,927,'社会科学总论'),(8,943,'经济'),(8,951,'生物科学'),(8,960,'艺术'),(8,964,'生物科学'),(8,975,'航空航天'),(8,982,'交通运输'),(8,984,'交通运输'),(8,985,'政法'),(8,988,'自然科学总论'),(8,989,'经济'),(8,993,'生物科学'),(8,1001,'政法'),(8,1002,'经济'),(8,1006,'历史'),(8,1011,'艺术'),(8,1012,'历史'),(8,1048,'文学'),(8,1061,'社会科学总论'),(8,1069,'军事'),(8,1070,'交通运输'),(8,1072,'自然科学总论'),(8,1073,'艺术'),(8,1074,'类别');
/*!40000 ALTER TABLE `borrowrecord` ENABLE KEYS */;
UNLOCK TABLES;

--
-- Table structure for table `recommand`
--

DROP TABLE IF EXISTS `recommand`;
/*!40101 SET @saved_cs_client     = @@character_set_client */;
/*!40101 SET character_set_client = utf8 */;
CREATE TABLE `recommand` (
  `User_id` int(11) NOT NULL,
  `Name` varchar(100) DEFAULT NULL,
  `Author` varchar(50) DEFAULT NULL,
  `Publisher` varchar(50) DEFAULT NULL,
  `Isbn` varchar(20) NOT NULL,
  `Booktype` varchar(20) DEFAULT NULL,
  PRIMARY KEY (`User_id`,`Isbn`)
) ENGINE=InnoDB DEFAULT CHARSET=utf8;
/*!40101 SET character_set_client = @saved_cs_client */;

--
-- Dumping data for table `recommand`
--

LOCK TABLES `recommand` WRITE;
/*!40000 ALTER TABLE `recommand` DISABLE KEYS */;
INSERT INTO `recommand` VALUES (0,'C++程序设计语言','斯特朗斯特鲁普','机械工业出版社','9787111298854','艺术'),(0,'清醒思考的艺术','罗尔夫·多贝里','中信出版社','9787508637679','文学'),(0,'第七天','余华','新星出版社','9787513312103','航空航天'),(0,'世界这么大，还是遇见你','嘉倩','青岛出版社','9787543693135','自然科学总论');
/*!40000 ALTER TABLE `recommand` ENABLE KEYS */;
UNLOCK TABLES;
/*!40103 SET TIME_ZONE=@OLD_TIME_ZONE */;

/*!40101 SET SQL_MODE=@OLD_SQL_MODE */;
/*!40014 SET FOREIGN_KEY_CHECKS=@OLD_FOREIGN_KEY_CHECKS */;
/*!40014 SET UNIQUE_CHECKS=@OLD_UNIQUE_CHECKS */;
/*!40101 SET CHARACTER_SET_CLIENT=@OLD_CHARACTER_SET_CLIENT */;
/*!40101 SET CHARACTER_SET_RESULTS=@OLD_CHARACTER_SET_RESULTS */;
/*!40101 SET COLLATION_CONNECTION=@OLD_COLLATION_CONNECTION */;
/*!40111 SET SQL_NOTES=@OLD_SQL_NOTES */;

-- Dump completed on 2013-06-20 21:38:23
